Time,L1,L2,L3,label
2024-06-05 22:07:00,1300.0,1160.0,2390.0,0
2024-06-05 22:08:00,2290.0,2570.0,2890.0,0
2024-06-05 22:09:00,2400.0,2650.0,3040.0,0
2024-06-05 22:10:00,2640.0,2790.0,2500.0,0
2024-06-05 22:11:00,1290.0,1110.0,1700.0,1
2024-06-05 22:12:00,1860.0,1730.0,1960.0,0
2024-06-05 22:13:00,1070.0,1160.0,1680.0,1
2024-06-05 22:14:00,1560.0,1850.0,1620.0,0
2024-06-05 22:15:00,1680.0,1900.0,1690.0,0
2024-06-05 22:16:00,1680.0,1760.0,3320.0,0
2024-06-05 22:17:00,1640.0,1730.0,1330.0,0
2024-06-05 22:18:00,1660.0,1790.0,1310.0,0
2024-06-05 22:19:00,1640.0,1800.0,2700.0,0
2024-06-05 22:20:00,1650.0,1940.0,1280.0,0
2024-06-05 22:21:00,1560.0,1900.0,1410.0,0
2024-06-05 22:22:00,1680.0,1690.0,2010.0,0
2024-06-05 22:23:00,1640.0,1810.0,1520.0,0
2024-06-05 22:24:00,1650.0,1760.0,1870.0,0
2024-06-05 22:25:00,1650.0,1740.0,2350.0,0
2024-06-05 22:26:00,1670.0,1830.0,2380.0,0
2024-06-05 22:27:00,1650.0,1730.0,3040.0,0
2024-06-05 22:28:00,1620.0,1780.0,3270.0,0
2024-06-05 22:29:00,1080.0,1110.0,1140.0,1
2024-06-05 22:30:00,1080.0,1110.0,1720.0,1
2024-06-05 22:31:00,1070.0,1120.0,2120.0,1
2024-06-05 22:32:00,1060.0,1160.0,640.0,1
2024-06-05 22:33:00,1080.0,1140.0,1000.0,1
2024-06-05 22:34:00,1070.0,1180.0,1750.0,1
2024-06-05 22:35:00,1610.0,1740.0,1930.0,0
2024-06-05 22:36:00,1570.0,1750.0,1280.0,0
2024-06-05 22:37:00,1660.0,1800.0,1940.0,0
2024-06-05 22:38:00,1620.0,1670.0,1970.0,0
2024-06-05 22:39:00,1670.0,2010.0,2180.0,0
2024-06-05 22:40:00,1740.0,1990.0,1970.0,0
2024-06-05 22:41:00,1640.0,1710.0,2140.0,0
2024-06-05 22:42:00,1690.0,1810.0,2170.0,0
2024-06-05 22:43:00,1320.0,1110.0,1310.0,1
2024-06-05 22:44:00,1820.0,1690.0,1930.0,0
2024-06-05 22:45:00,1890.0,1820.0,1480.0,0
2024-06-05 22:46:00,1840.0,1770.0,2530.0,0
2024-06-05 22:47:00,1920.0,2030.0,2010.0,0
2024-06-05 22:48:00,1870.0,1850.0,1440.0,0
2024-06-05 22:49:00,1890.0,1890.0,2480.0,0
2024-06-05 22:50:00,1830.0,1800.0,2730.0,0
2024-06-05 22:51:00,1870.0,1710.0,2330.0,0
2024-06-05 22:52:00,1870.0,1940.0,3360.0,0
2024-06-05 22:53:00,1860.0,1780.0,2390.0,0
2024-06-05 22:54:00,1280.0,1160.0,1400.0,1
2024-06-05 22:55:00,1310.0,1120.0,2620.0,0
2024-06-05 22:56:00,1300.0,1130.0,1390.0,1
2024-06-05 22:57:00,1830.0,1810.0,1630.0,0
2024-06-05 22:58:00,1820.0,1750.0,1660.0,0
2024-06-05 22:59:00,1960.0,1860.0,2440.0,0
2024-06-05 23:00:00,1880.0,1850.0,2310.0,0
2024-06-05 23:01:00,1840.0,1720.0,1640.0,0
2024-06-05 23:02:00,1910.0,1800.0,1670.0,0
2024-06-05 23:03:00,1900.0,1790.0,2000.0,0
2024-06-05 23:04:00,1830.0,1830.0,1220.0,0
2024-06-05 23:05:00,1860.0,1930.0,1940.0,0
2024-06-05 23:06:00,1870.0,1790.0,2010.0,0
2024-06-05 23:07:00,1300.0,1280.0,282.0,1
2024-06-05 23:08:00,1310.0,1350.0,1430.0,1
2024-06-05 23:09:00,1300.0,1180.0,1410.0,1
2024-06-05 23:10:00,1310.0,1290.0,1510.0,1
2024-06-05 23:11:00,1300.0,1210.0,1420.0,1
2024-06-05 23:12:00,1310.0,1160.0,1760.0,0
2024-06-05 23:13:00,2290.0,2310.0,2880.0,0
2024-06-05 23:14:00,2450.0,2410.0,2930.0,0
2024-06-05 23:15:00,1890.0,1780.0,2610.0,0
2024-06-05 23:16:00,1870.0,1790.0,1970.0,0
2024-06-05 23:17:00,1850.0,1820.0,1980.0,0
2024-06-05 23:18:00,1840.0,1930.0,3020.0,0
2024-06-05 23:19:00,1280.0,1150.0,1030.0,1
2024-06-05 23:20:00,1310.0,1170.0,1760.0,0
2024-06-05 23:21:00,1290.0,1210.0,1790.0,0
2024-06-05 23:22:00,1310.0,1310.0,1200.0,1
2024-06-05 23:23:00,1290.0,1170.0,1420.0,1
2024-06-05 23:24:00,1300.0,1130.0,1390.0,1
2024-06-05 23:25:00,2300.0,2540.0,2560.0,0
2024-06-05 23:26:00,2070.0,2380.0,3370.0,0
2024-06-05 23:27:00,1590.0,1910.0,1770.0,0
2024-06-05 23:28:00,1550.0,1750.0,1370.0,0
2024-06-05 23:29:00,1630.0,1880.0,1080.0,0
2024-06-05 23:30:00,1580.0,1780.0,1810.0,0
2024-06-05 23:31:00,958.0,1080.0,1160.0,1
2024-06-05 23:32:00,979.0,1090.0,1530.0,1
2024-06-05 23:33:00,973.0,1190.0,2240.0,1
2024-06-05 23:34:00,967.0,1190.0,2580.0,0
2024-06-05 23:35:00,971.0,1170.0,1550.0,1
2024-06-05 23:36:00,961.0,1140.0,1530.0,1
2024-06-05 23:37:00,1960.0,2360.0,3500.0,0
2024-06-05 23:38:00,2120.0,2440.0,3230.0,0
2024-06-05 23:39:00,1590.0,1680.0,2140.0,0
2024-06-05 23:40:00,1500.0,1900.0,2120.0,0
2024-06-05 23:41:00,1540.0,1930.0,2490.0,0
2024-06-05 23:42:00,957.0,1030.0,1580.0,1
2024-06-05 23:43:00,985.0,1030.0,777.0,1
2024-06-05 23:44:00,976.0,1210.0,406.0,1
2024-06-05 23:45:00,978.0,1150.0,1530.0,1
2024-06-05 23:46:00,976.0,1150.0,778.0,1
2024-06-05 23:47:00,984.0,1130.0,399.0,1
2024-06-05 23:48:00,973.0,948.0,797.0,1
2024-06-05 23:49:00,2010.0,2380.0,2360.0,0
2024-06-05 23:50:00,2130.0,2590.0,2030.0,0
2024-06-05 23:51:00,1540.0,1630.0,1380.0,0
2024-06-05 23:52:00,1640.0,1710.0,1090.0,0
2024-06-05 23:53:00,1020.0,1170.0,1190.0,1
2024-06-05 23:54:00,973.0,1060.0,445.0,1
2024-06-05 23:55:00,974.0,1050.0,24.1,1
2024-06-05 23:56:00,987.0,1120.0,1150.0,1
2024-06-05 23:57:00,975.0,1110.0,796.0,1
2024-06-05 23:58:00,977.0,1070.0,1060.0,1
2024-06-05 23:59:00,1900.0,2230.0,2290.0,0
2024-06-06 00:00:00,2120.0,2470.0,2720.0,0
2024-06-06 00:01:00,2320.0,2650.0,2500.0,0
2024-06-06 00:02:00,1530.0,1770.0,2490.0,0
2024-06-06 00:03:00,1500.0,1710.0,1770.0,0
2024-06-06 00:04:00,1580.0,1930.0,1960.0,0
2024-06-06 00:05:00,1590.0,1800.0,1460.0,0
2024-06-06 00:06:00,961.0,1090.0,800.0,1
2024-06-06 00:07:00,978.0,1040.0,1170.0,1
2024-06-06 00:08:00,963.0,1060.0,770.0,1
2024-06-06 00:09:00,962.0,1040.0,1170.0,1
2024-06-06 00:10:00,982.0,994.0,777.0,1
2024-06-06 00:11:00,1410.0,1730.0,1350.0,0
2024-06-06 00:12:00,1880.0,2480.0,2790.0,0
2024-06-06 00:13:00,1860.0,2610.0,2470.0,0
2024-06-06 00:14:00,1860.0,2380.0,2200.0,0
2024-06-06 00:15:00,1850.0,2540.0,3190.0,0
2024-06-06 00:16:00,1850.0,2510.0,1780.0,0
2024-06-06 00:17:00,1860.0,2430.0,2150.0,0
2024-06-06 00:18:00,1820.0,2540.0,2900.0,0
2024-06-06 00:19:00,1860.0,2520.0,2840.0,0
2024-06-06 00:20:00,1830.0,2420.0,2150.0,0
2024-06-06 00:21:00,1870.0,2390.0,2730.0,0
2024-06-06 00:22:00,1820.0,2480.0,2520.0,0
2024-06-06 00:23:00,1830.0,2500.0,2550.0,0
2024-06-06 00:24:00,1820.0,2570.0,4000.0,0
2024-06-06 00:25:00,1850.0,2470.0,3290.0,0
2024-06-06 00:26:00,1850.0,2460.0,2920.0,0
2024-06-06 00:27:00,1870.0,2500.0,3240.0,0
2024-06-06 00:28:00,1830.0,2460.0,2630.0,0
2024-06-06 00:29:00,1220.0,1760.0,1480.0,0
2024-06-06 00:30:00,1210.0,1860.0,2610.0,0
2024-06-06 00:31:00,537.0,1250.0,1180.0,1
2024-06-06 00:32:00,1480.0,2210.0,2090.0,0
2024-06-06 00:33:00,1450.0,2070.0,2840.0,0
2024-06-06 00:34:00,2420.0,2780.0,2800.0,0
2024-06-06 00:35:00,2370.0,2650.0,2980.0,0
2024-06-06 00:36:00,2290.0,2490.0,3640.0,0
2024-06-06 00:37:00,2330.0,2870.0,2600.0,0
2024-06-06 00:38:00,2270.0,2640.0,2110.0,0
2024-06-06 00:39:00,2240.0,2640.0,2980.0,0
2024-06-06 00:40:00,2210.0,2520.0,1520.0,0
2024-06-06 00:41:00,2160.0,2360.0,1790.0,0
2024-06-06 00:42:00,2110.0,2370.0,3130.0,0
2024-06-06 00:43:00,2130.0,2540.0,2610.0,0
2024-06-06 00:44:00,2100.0,2400.0,2320.0,0
2024-06-06 00:45:00,2030.0,2540.0,2860.0,0
2024-06-06 00:46:00,2110.0,2440.0,1550.0,0
2024-06-06 00:47:00,1520.0,1870.0,1730.0,0
2024-06-06 00:48:00,1570.0,1680.0,2080.0,0
2024-06-06 00:49:00,1550.0,1530.0,1320.0,0
2024-06-06 00:50:00,982.0,864.0,440.0,1
2024-06-06 00:51:00,989.0,939.0,1500.0,1
2024-06-06 00:52:00,1500.0,1810.0,1360.0,0
2024-06-06 00:53:00,1990.0,2450.0,1920.0,0
2024-06-06 00:54:00,2110.0,2570.0,3090.0,0
2024-06-06 00:55:00,1530.0,2020.0,2090.0,0
2024-06-06 00:56:00,1550.0,1270.0,1050.0,1
2024-06-06 00:57:00,1550.0,1730.0,2460.0,0
2024-06-06 00:58:00,1550.0,1790.0,1050.0,0
2024-06-06 00:59:00,1580.0,1880.0,1020.0,0
2024-06-06 01:00:00,1550.0,1770.0,2530.0,0
2024-06-06 01:01:00,1570.0,1810.0,1380.0,0
2024-06-06 01:02:00,1560.0,1750.0,1420.0,0
2024-06-06 01:03:00,1550.0,1640.0,2910.0,0
2024-06-06 01:04:00,1550.0,1800.0,1020.0,0
2024-06-06 01:05:00,1490.0,1780.0,1720.0,0
2024-06-06 01:06:00,1460.0,1760.0,2100.0,0
2024-06-06 01:07:00,1450.0,2000.0,1760.0,0
2024-06-06 01:08:00,1440.0,1930.0,1800.0,0
2024-06-06 01:09:00,1540.0,1880.0,2220.0,0
2024-06-06 01:10:00,1530.0,1920.0,2490.0,0
2024-06-06 01:11:00,1520.0,1840.0,1850.0,0
2024-06-06 01:12:00,1550.0,1760.0,1380.0,0
2024-06-06 01:13:00,1520.0,1730.0,1890.0,0
2024-06-06 01:14:00,967.0,1100.0,1160.0,1
2024-06-06 01:15:00,965.0,1120.0,1880.0,1
2024-06-06 01:16:00,958.0,1100.0,1070.0,1
2024-06-06 01:17:00,964.0,1010.0,1150.0,1
2024-06-06 01:18:00,967.0,1090.0,1140.0,1
2024-06-06 01:19:00,541.0,1090.0,1890.0,1
2024-06-06 01:20:00,548.0,1340.0,2140.0,1
2024-06-06 01:21:00,537.0,1260.0,1510.0,1
2024-06-06 01:22:00,549.0,1100.0,1960.0,1
2024-06-06 01:23:00,742.0,1120.0,1870.0,1
2024-06-06 01:24:00,1320.0,1770.0,1520.0,0
2024-06-06 01:25:00,1330.0,1780.0,1640.0,0
2024-06-06 01:26:00,1340.0,1790.0,1760.0,0
2024-06-06 01:27:00,1340.0,1850.0,1390.0,0
2024-06-06 01:28:00,1340.0,1690.0,1900.0,0
2024-06-06 01:29:00,1350.0,1730.0,2110.0,0
2024-06-06 01:30:00,1360.0,1760.0,2490.0,0
2024-06-06 01:31:00,1400.0,1940.0,2130.0,0
2024-06-06 01:32:00,1380.0,1870.0,2040.0,0
2024-06-06 01:33:00,1390.0,1720.0,2540.0,0
2024-06-06 01:34:00,1330.0,1830.0,1760.0,0
2024-06-06 01:35:00,1280.0,721.0,593.0,1
2024-06-06 01:36:00,1260.0,703.0,612.0,1
2024-06-06 01:37:00,1360.0,707.0,645.0,1
2024-06-06 01:38:00,1340.0,713.0,645.0,1
2024-06-06 01:39:00,1380.0,716.0,632.0,1
2024-06-06 01:40:00,1350.0,712.0,631.0,1
2024-06-06 01:41:00,1360.0,697.0,625.0,1
2024-06-06 01:42:00,1310.0,690.0,629.0,1
2024-06-06 01:43:00,1340.0,692.0,609.0,1
2024-06-06 01:44:00,1330.0,688.0,612.0,1
2024-06-06 01:45:00,1280.0,694.0,591.0,1
2024-06-06 01:46:00,1360.0,718.0,625.0,1
2024-06-06 01:47:00,1380.0,720.0,618.0,1
2024-06-06 01:48:00,1360.0,709.0,622.0,1
2024-06-06 01:49:00,769.0,0.342,-0.419,1
2024-06-06 01:50:00,752.0,0.482,-0.508,1
2024-06-06 01:51:00,751.0,0.37,-0.589,1
2024-06-06 01:52:00,767.0,0.373,-0.483,1
2024-06-06 01:53:00,766.0,0.419,-0.56,1
2024-06-06 01:54:00,761.0,0.441,-0.514,1
2024-06-06 01:55:00,767.0,0.395,-0.463,1
2024-06-06 01:56:00,1300.0,671.0,555.0,1
2024-06-06 01:57:00,1290.0,658.0,568.0,1
2024-06-06 01:58:00,1300.0,658.0,568.0,1
2024-06-06 01:59:00,1320.0,690.0,590.0,1
2024-06-06 02:00:00,1300.0,667.0,549.0,1
2024-06-06 02:01:00,1290.0,645.0,565.0,1
2024-06-06 02:02:00,1290.0,656.0,575.0,1
2024-06-06 02:03:00,1280.0,659.0,563.0,1
2024-06-06 02:04:00,1290.0,641.0,546.0,1
2024-06-06 02:05:00,1290.0,640.0,568.0,1
2024-06-06 02:06:00,753.0,0.342,-0.777,1
2024-06-06 02:07:00,750.0,0.434,-0.958,1
2024-06-06 02:08:00,765.0,0.397,-0.844,1
2024-06-06 02:09:00,766.0,0.427,-0.812,1
2024-06-06 02:10:00,768.0,0.437,-0.822,1
2024-06-06 02:11:00,766.0,0.469,-0.478,1
2024-06-06 02:12:00,1300.0,657.0,560.0,1
2024-06-06 02:13:00,1330.0,676.0,582.0,1
2024-06-06 02:14:00,1440.0,793.0,682.0,1
2024-06-06 02:15:00,1380.0,737.0,652.0,1
2024-06-06 02:16:00,1290.0,712.0,612.0,1
2024-06-06 02:17:00,1330.0,701.0,611.0,1
2024-06-06 02:18:00,1380.0,734.0,630.0,1
2024-06-06 02:19:00,1390.0,726.0,624.0,1
2024-06-06 02:20:00,1360.0,715.0,611.0,1
2024-06-06 02:21:00,1280.0,699.0,599.0,1
2024-06-06 02:22:00,767.0,0.517,-0.485,1
2024-06-06 02:23:00,764.0,0.515,-0.491,1
2024-06-06 02:24:00,763.0,0.574,-0.504,1
2024-06-06 02:25:00,769.0,0.505,-0.475,1
2024-06-06 02:26:00,765.0,0.525,-0.501,1
2024-06-06 02:27:00,764.0,0.492,-0.486,1
2024-06-06 02:28:00,764.0,0.536,-0.525,1
2024-06-06 02:29:00,1240.0,673.0,571.0,1
2024-06-06 02:30:00,1270.0,702.0,601.0,1
2024-06-06 02:31:00,1290.0,715.0,620.0,1
2024-06-06 02:32:00,1390.0,751.0,661.0,1
2024-06-06 02:33:00,1380.0,723.0,627.0,1
2024-06-06 02:34:00,1350.0,692.0,596.0,1
2024-06-06 02:35:00,1380.0,706.0,633.0,1
2024-06-06 02:36:00,1300.0,705.0,588.0,1
2024-06-06 02:37:00,1300.0,705.0,598.0,1
2024-06-06 02:38:00,776.0,0.474,-0.519,1
2024-06-06 02:39:00,764.0,0.45,-0.503,1
2024-06-06 02:40:00,764.0,0.494,-0.486,1
2024-06-06 02:41:00,770.0,0.512,-0.477,1
2024-06-06 02:42:00,770.0,0.505,-0.535,1
2024-06-06 02:43:00,755.0,0.431,-0.854,1
2024-06-06 02:44:00,759.0,0.45,-0.834,1
2024-06-06 02:45:00,1290.0,664.0,586.0,1
2024-06-06 02:46:00,1330.0,665.0,569.0,1
2024-06-06 02:47:00,1330.0,708.0,631.0,1
2024-06-06 02:48:00,1320.0,658.0,569.0,1
2024-06-06 02:49:00,1250.0,683.0,586.0,1
2024-06-06 02:50:00,1370.0,702.0,613.0,1
2024-06-06 02:51:00,1350.0,714.0,630.0,1
2024-06-06 02:52:00,1280.0,690.0,601.0,1
2024-06-06 02:53:00,752.0,0.489,-0.458,1
2024-06-06 02:54:00,756.0,0.444,-0.464,1
2024-06-06 02:55:00,749.0,0.43,-0.483,1
2024-06-06 02:56:00,753.0,0.468,-0.447,1
2024-06-06 02:57:00,745.0,0.472,-0.485,1
2024-06-06 02:58:00,759.0,0.406,-0.421,1
2024-06-06 02:59:00,1320.0,669.0,586.0,1
2024-06-06 03:00:00,1310.0,655.0,576.0,1
2024-06-06 03:01:00,1430.0,783.0,708.0,1
2024-06-06 03:02:00,1340.0,702.0,627.0,1
2024-06-06 03:03:00,1400.0,726.0,644.0,1
2024-06-06 03:04:00,1370.0,714.0,648.0,1
2024-06-06 03:05:00,1370.0,699.0,626.0,1
2024-06-06 03:06:00,1360.0,699.0,625.0,1
2024-06-06 03:07:00,1340.0,681.0,607.0,1
2024-06-06 03:08:00,745.0,0.434,-0.404,1
2024-06-06 03:09:00,745.0,0.455,-0.396,1
2024-06-06 03:10:00,745.0,0.47,-0.442,1
2024-06-06 03:11:00,748.0,0.366,-0.683,1
2024-06-06 03:12:00,736.0,0.408,-0.719,1
2024-06-06 03:13:00,745.0,0.405,-0.725,1
2024-06-06 03:14:00,737.0,0.454,-0.495,1
2024-06-06 03:15:00,1300.0,669.0,599.0,1
2024-06-06 03:16:00,1250.0,665.0,590.0,1
2024-06-06 03:17:00,1340.0,703.0,631.0,1
2024-06-06 03:18:00,1370.0,723.0,645.0,1
2024-06-06 03:19:00,1550.0,704.0,639.0,1
2024-06-06 03:20:00,1560.0,683.0,614.0,1
2024-06-06 03:21:00,1540.0,685.0,625.0,1
2024-06-06 03:22:00,1540.0,685.0,627.0,1
2024-06-06 03:23:00,1540.0,680.0,617.0,1
2024-06-06 03:24:00,1540.0,689.0,631.0,1
2024-06-06 03:25:00,1530.0,680.0,620.0,1
2024-06-06 03:26:00,1540.0,673.0,605.0,1
2024-06-06 03:27:00,956.0,0.12,-0.144,1
2024-06-06 03:28:00,953.0,0.0845,-0.155,1
2024-06-06 03:29:00,960.0,0.0805,-0.148,1
2024-06-06 03:30:00,954.0,0.177,-0.149,1
2024-06-06 03:31:00,952.0,0.265,-0.153,1
2024-06-06 03:32:00,944.0,0.224,-0.14,1
2024-06-06 03:33:00,1430.0,612.0,555.0,1
2024-06-06 03:34:00,2030.0,1310.0,1200.0,0
2024-06-06 03:35:00,2010.0,1270.0,1150.0,0
2024-06-06 03:36:00,1520.0,696.0,597.0,1
2024-06-06 03:37:00,1470.0,647.0,550.0,1
2024-06-06 03:38:00,1480.0,640.0,548.0,1
2024-06-06 03:39:00,1470.0,637.0,554.0,1
2024-06-06 03:40:00,948.0,0.322,-0.588,1
2024-06-06 03:41:00,947.0,0.294,-0.595,1
2024-06-06 03:42:00,952.0,0.361,-0.424,1
2024-06-06 03:43:00,949.0,0.342,-0.388,1
2024-06-06 03:44:00,954.0,0.378,-0.407,1
2024-06-06 03:45:00,938.0,0.302,-0.434,1
2024-06-06 03:46:00,1960.0,1290.0,1130.0,0
2024-06-06 03:47:00,2040.0,1290.0,1130.0,0
2024-06-06 03:48:00,1550.0,712.0,631.0,1
2024-06-06 03:49:00,1480.0,630.0,568.0,1
2024-06-06 03:50:00,1430.0,638.0,560.0,1
2024-06-06 03:51:00,1550.0,703.0,645.0,1
2024-06-06 03:52:00,940.0,0.399,-0.429,1
2024-06-06 03:53:00,952.0,0.351,-0.398,1
2024-06-06 03:54:00,945.0,0.357,-0.444,1
2024-06-06 03:55:00,957.0,0.34,-0.399,1
2024-06-06 03:56:00,952.0,0.393,-0.418,1
2024-06-06 03:57:00,959.0,0.306,-0.403,1
2024-06-06 03:58:00,1510.0,662.0,572.0,1
2024-06-06 03:59:00,2020.0,1300.0,1170.0,0
2024-06-06 04:00:00,2140.0,1380.0,1300.0,0
2024-06-06 04:01:00,1520.0,668.0,621.0,1
2024-06-06 04:02:00,1.53,0.151,-0.232,1
2024-06-06 04:03:00,1.57,0.159,-0.241,1
2024-06-06 04:04:00,482.0,0.214,-0.267,1
2024-06-06 04:05:00,477.0,0.172,-0.304,1
2024-06-06 04:06:00,481.0,0.241,-0.262,1
2024-06-06 04:07:00,682.0,0.442,-0.247,1
2024-06-06 04:08:00,682.0,0.457,-0.245,1
2024-06-06 04:09:00,1740.0,1320.0,1330.0,0
2024-06-06 04:10:00,1740.0,1340.0,1320.0,0
2024-06-06 04:11:00,1740.0,1340.0,1310.0,0
2024-06-06 04:12:00,1740.0,1340.0,1320.0,0
2024-06-06 04:13:00,1740.0,1330.0,1310.0,0
2024-06-06 04:14:00,1730.0,1320.0,1300.0,0
2024-06-06 04:15:00,1730.0,1330.0,1310.0,0
2024-06-06 04:16:00,1730.0,1330.0,1310.0,0
2024-06-06 04:17:00,1760.0,1330.0,1300.0,0
2024-06-06 04:18:00,1770.0,1330.0,1300.0,0
2024-06-06 04:19:00,1770.0,1330.0,1310.0,0
2024-06-06 04:20:00,1750.0,1320.0,1290.0,0
2024-06-06 04:21:00,1770.0,1330.0,1300.0,0
2024-06-06 04:22:00,1770.0,1340.0,1300.0,0
2024-06-06 04:23:00,1770.0,1340.0,1310.0,0
2024-06-06 04:24:00,1300.0,844.0,827.0,1
2024-06-06 04:25:00,1130.0,667.0,653.0,1
2024-06-06 04:26:00,1130.0,672.0,657.0,1
2024-06-06 04:27:00,485.0,0.288,-0.299,1
2024-06-06 04:28:00,484.0,0.314,-0.392,1
2024-06-06 04:29:00,484.0,0.318,-0.379,1
2024-06-06 04:30:00,1430.0,1050.0,949.0,1
2024-06-06 04:31:00,1430.0,838.0,752.0,1
2024-06-06 04:32:00,1340.0,745.0,664.0,1
2024-06-06 04:33:00,1350.0,760.0,674.0,1
2024-06-06 04:34:00,1340.0,751.0,662.0,1
2024-06-06 04:35:00,1290.0,730.0,643.0,1
2024-06-06 04:36:00,1320.0,726.0,633.0,1
2024-06-06 04:37:00,1320.0,719.0,642.0,1
2024-06-06 04:38:00,1310.0,692.0,607.0,1
2024-06-06 04:39:00,1270.0,687.0,611.0,1
2024-06-06 04:40:00,1310.0,724.0,644.0,1
2024-06-06 04:41:00,1290.0,703.0,628.0,1
2024-06-06 04:42:00,1200.0,685.0,604.0,1
2024-06-06 04:43:00,1260.0,675.0,601.0,1
2024-06-06 04:44:00,1260.0,680.0,614.0,1
2024-06-06 04:45:00,1280.0,699.0,637.0,1
2024-06-06 04:46:00,1180.0,677.0,610.0,1
2024-06-06 04:47:00,1170.0,671.0,607.0,1
2024-06-06 04:48:00,1250.0,673.0,606.0,1
2024-06-06 04:49:00,1250.0,673.0,608.0,1
2024-06-06 04:50:00,1270.0,693.0,622.0,1
2024-06-06 04:51:00,1260.0,681.0,613.0,1
2024-06-06 04:52:00,1200.0,676.0,591.0,1
2024-06-06 04:53:00,1230.0,671.0,598.0,1
2024-06-06 04:54:00,1270.0,676.0,605.0,1
2024-06-06 04:55:00,1240.0,647.0,589.0,1
2024-06-06 04:56:00,1280.0,675.0,610.0,1
2024-06-06 04:57:00,1280.0,668.0,603.0,1
2024-06-06 04:58:00,1280.0,683.0,610.0,1
2024-06-06 04:59:00,1270.0,663.0,591.0,1
2024-06-06 05:00:00,1280.0,667.0,620.0,1
2024-06-06 05:01:00,1280.0,665.0,611.0,1
2024-06-06 05:02:00,1260.0,643.0,592.0,1
2024-06-06 05:03:00,1260.0,670.0,612.0,1
2024-06-06 05:04:00,1280.0,665.0,611.0,1
2024-06-06 05:05:00,1290.0,670.0,615.0,1
2024-06-06 05:06:00,1290.0,662.0,606.0,1
2024-06-06 05:07:00,1300.0,671.0,610.0,1
2024-06-06 05:08:00,1270.0,674.0,623.0,1
2024-06-06 05:09:00,1260.0,678.0,621.0,1
2024-06-06 05:10:00,1270.0,681.0,624.0,1
2024-06-06 05:11:00,1270.0,679.0,621.0,1
2024-06-06 05:12:00,1250.0,669.0,621.0,1
2024-06-06 05:13:00,1210.0,669.0,613.0,1
2024-06-06 05:14:00,1180.0,663.0,599.0,1
2024-06-06 05:15:00,1170.0,670.0,610.0,1
2024-06-06 05:16:00,1270.0,675.0,622.0,1
2024-06-06 05:17:00,680.0,0.417,-0.365,1
2024-06-06 05:18:00,684.0,0.489,-0.297,1
2024-06-06 05:19:00,680.0,0.476,-0.3,1
2024-06-06 05:20:00,685.0,0.471,-0.425,1
2024-06-06 05:21:00,684.0,0.443,-0.337,1
2024-06-06 05:22:00,685.0,0.442,-0.34,1
2024-06-06 05:23:00,684.0,0.448,-0.315,1
2024-06-06 05:24:00,1220.0,654.0,598.0,1
2024-06-06 05:25:00,1230.0,661.0,609.0,1
2024-06-06 05:26:00,1250.0,686.0,636.0,1
2024-06-06 05:27:00,1180.0,679.0,628.0,1
2024-06-06 05:28:00,1250.0,678.0,637.0,1
2024-06-06 05:29:00,1140.0,641.0,596.0,1
2024-06-06 05:30:00,1180.0,673.0,626.0,1
2024-06-06 05:31:00,1170.0,670.0,617.0,1
2024-06-06 05:32:00,1170.0,664.0,617.0,1
2024-06-06 05:33:00,1250.0,683.0,638.0,1
2024-06-06 05:34:00,1250.0,678.0,629.0,1
2024-06-06 05:35:00,1240.0,677.0,611.0,1
2024-06-06 05:36:00,685.0,0.428,-0.0378,1
2024-06-06 05:37:00,684.0,0.469,-0.0482,1
2024-06-06 05:38:00,669.0,0.498,-0.0519,1
2024-06-06 05:39:00,677.0,0.487,-0.0547,1
2024-06-06 05:40:00,675.0,0.46,-0.0566,1
2024-06-06 05:41:00,677.0,0.492,-0.0521,1
2024-06-06 05:42:00,681.0,0.454,-0.138,1
2024-06-06 05:43:00,682.0,0.446,-0.133,1
2024-06-06 05:44:00,1200.0,671.0,611.0,1
2024-06-06 05:45:00,1220.0,665.0,604.0,1
2024-06-06 05:46:00,1280.0,727.0,657.0,1
2024-06-06 05:47:00,1250.0,700.0,625.0,1
2024-06-06 05:48:00,1160.0,685.0,611.0,1
2024-06-06 05:49:00,1200.0,705.0,621.0,1
2024-06-06 05:50:00,1190.0,679.0,627.0,1
2024-06-06 05:51:00,1260.0,683.0,632.0,1
2024-06-06 05:52:00,1270.0,695.0,645.0,1
2024-06-06 05:53:00,1250.0,669.0,624.0,1
2024-06-06 05:54:00,1260.0,677.0,632.0,1
2024-06-06 05:55:00,691.0,0.403,0.0312,1
2024-06-06 05:56:00,688.0,0.388,0.037,1
2024-06-06 05:57:00,686.0,0.396,0.0381,1
2024-06-06 05:58:00,684.0,0.347,-0.258,1
2024-06-06 05:59:00,683.0,0.356,-0.262,1
2024-06-06 06:00:00,683.0,0.409,0.0311,1
2024-06-06 06:01:00,683.0,0.345,0.145,1
2024-06-06 06:02:00,685.0,0.364,0.155,1
2024-06-06 06:03:00,1250.0,667.0,639.0,1
2024-06-06 06:04:00,1460.0,667.0,653.0,1
2024-06-06 06:05:00,2050.0,1410.0,1370.0,0
2024-06-06 06:06:00,1910.0,1270.0,1230.0,0
2024-06-06 06:07:00,1480.0,684.0,661.0,1
2024-06-06 06:08:00,1500.0,681.0,616.0,1
2024-06-06 06:09:00,1400.0,663.0,602.0,1
2024-06-06 06:10:00,1410.0,655.0,617.0,1
2024-06-06 06:11:00,1400.0,677.0,649.0,1
2024-06-06 06:12:00,1380.0,649.0,628.0,1
2024-06-06 06:13:00,904.0,0.211,-0.0165,1
2024-06-06 06:14:00,904.0,0.208,-0.0169,1
2024-06-06 06:15:00,907.0,0.225,-0.0198,1
2024-06-06 06:16:00,906.0,0.229,-0.00576,1
2024-06-06 06:17:00,897.0,0.279,0.0339,1
2024-06-06 06:18:00,891.0,0.301,0.0313,1
2024-06-06 06:19:00,880.0,0.331,0.0387,1
2024-06-06 06:20:00,1940.0,1310.0,1300.0,0
2024-06-06 06:21:00,1890.0,1260.0,1260.0,0
2024-06-06 06:22:00,1420.0,661.0,663.0,1
2024-06-06 06:23:00,1390.0,631.0,642.0,1
2024-06-06 06:24:00,1310.0,623.0,619.0,1
2024-06-06 06:25:00,1450.0,691.0,684.0,1
2024-06-06 06:26:00,887.0,0.269,0.0177,1
2024-06-06 06:27:00,879.0,0.293,0.0271,1
2024-06-06 06:28:00,888.0,0.271,0.0456,1
2024-06-06 06:29:00,904.0,0.236,0.0497,1
2024-06-06 06:30:00,901.0,0.259,0.0288,1
2024-06-06 06:31:00,899.0,0.266,0.0315,1
2024-06-06 06:32:00,900.0,0.26,0.0346,1
2024-06-06 06:33:00,1880.0,1290.0,1250.0,0
2024-06-06 06:34:00,1920.0,1270.0,1230.0,0
2024-06-06 06:35:00,1410.0,626.0,617.0,1
2024-06-06 06:36:00,1420.0,641.0,632.0,1
2024-06-06 06:37:00,1380.0,596.0,592.0,1
2024-06-06 06:38:00,1400.0,625.0,615.0,1
2024-06-06 06:39:00,1330.0,626.0,613.0,1
2024-06-06 06:40:00,1370.0,659.0,655.0,1
2024-06-06 06:41:00,896.0,0.291,0.0447,1
2024-06-06 06:42:00,895.0,0.28,0.0358,1
2024-06-06 06:43:00,894.0,0.252,0.03,1
2024-06-06 06:44:00,894.0,0.262,0.0365,1
2024-06-06 06:45:00,893.0,0.258,0.0425,1
2024-06-06 06:46:00,893.0,0.27,0.0397,1
2024-06-06 06:47:00,893.0,0.268,0.0423,1
2024-06-06 06:48:00,1940.0,1300.0,1270.0,0
2024-06-06 06:49:00,1900.0,1300.0,1260.0,0
2024-06-06 06:50:00,1410.0,690.0,672.0,1
2024-06-06 06:51:00,1370.0,671.0,653.0,1
2024-06-06 06:52:00,1370.0,649.0,638.0,1
2024-06-06 06:53:00,1370.0,637.0,631.0,1
2024-06-06 06:54:00,906.0,0.274,0.0361,1
2024-06-06 06:55:00,904.0,0.248,0.0389,1
2024-06-06 06:56:00,906.0,0.244,0.042,1
2024-06-06 06:57:00,904.0,0.235,0.0418,1
2024-06-06 06:58:00,892.0,0.222,0.0142,1
2024-06-06 06:59:00,896.0,0.263,0.0189,1
2024-06-06 07:00:00,903.0,0.268,0.023,1
2024-06-06 07:01:00,1990.0,1350.0,1310.0,0
2024-06-06 07:02:00,1900.0,1300.0,1260.0,0
2024-06-06 07:03:00,1400.0,694.0,684.0,1
2024-06-06 07:04:00,1450.0,674.0,668.0,1
2024-06-06 07:05:00,1450.0,673.0,661.0,1
2024-06-06 07:06:00,897.0,0.254,0.0322,1
2024-06-06 07:07:00,891.0,0.261,0.0237,1
2024-06-06 07:08:00,899.0,0.244,0.0266,1
2024-06-06 07:09:00,900.0,0.218,0.0423,1
2024-06-06 07:10:00,898.0,0.214,0.0186,1
2024-06-06 07:11:00,900.0,0.198,0.0327,1
2024-06-06 07:12:00,900.0,0.243,0.0316,1
2024-06-06 07:13:00,1910.0,1320.0,1300.0,0
2024-06-06 07:14:00,1900.0,1280.0,1270.0,0
2024-06-06 07:15:00,1500.0,717.0,696.0,1
2024-06-06 07:16:00,1480.0,698.0,676.0,1
2024-06-06 07:17:00,1490.0,707.0,685.0,1
2024-06-06 07:18:00,1440.0,651.0,620.0,1
2024-06-06 07:19:00,898.0,0.242,0.0381,1
2024-06-06 07:20:00,900.0,0.189,-0.255,1
2024-06-06 07:21:00,897.0,0.2,-0.259,1
2024-06-06 07:22:00,899.0,0.239,0.0414,1
2024-06-06 07:23:00,900.0,0.257,0.0474,1
2024-06-06 07:24:00,898.0,0.26,0.04,1
2024-06-06 07:25:00,903.0,0.258,0.0427,1
2024-06-06 07:26:00,1930.0,1260.0,1210.0,0
2024-06-06 07:27:00,2020.0,1330.0,1270.0,0
2024-06-06 07:28:00,1480.0,677.0,659.0,1
2024-06-06 07:29:00,1470.0,679.0,664.0,1
2024-06-06 07:30:00,904.0,0.257,0.0443,1
2024-06-06 07:31:00,908.0,0.248,-0.0529,1
2024-06-06 07:32:00,899.0,0.253,0.0424,1
2024-06-06 07:33:00,895.0,0.19,0.0437,1
2024-06-06 07:34:00,900.0,0.248,0.0347,1
2024-06-06 07:35:00,898.0,0.27,0.0391,1
2024-06-06 07:36:00,898.0,0.272,0.0414,1
2024-06-06 07:37:00,1970.0,1330.0,1230.0,0
2024-06-06 07:38:00,1830.0,1290.0,1220.0,0
2024-06-06 07:39:00,1480.0,712.0,666.0,1
2024-06-06 07:40:00,1370.0,674.0,637.0,1
2024-06-06 07:41:00,1350.0,662.0,608.0,1
2024-06-06 07:42:00,892.0,0.247,0.0149,1
2024-06-06 07:43:00,892.0,0.252,0.0183,1
2024-06-06 07:44:00,891.0,0.214,0.0106,1
2024-06-06 07:45:00,898.0,0.262,0.00915,1
2024-06-06 07:46:00,894.0,0.286,0.00602,1
2024-06-06 07:47:00,890.0,0.259,0.00673,1
2024-06-06 07:48:00,898.0,0.24,0.0123,1
2024-06-06 07:49:00,1970.0,1340.0,1260.0,0
2024-06-06 07:50:00,1840.0,1320.0,1280.0,0
2024-06-06 07:51:00,1420.0,690.0,643.0,1
2024-06-06 07:52:00,1390.0,689.0,651.0,1
2024-06-06 07:53:00,1390.0,703.0,658.0,1
2024-06-06 07:54:00,908.0,0.244,0.0138,1
2024-06-06 07:55:00,897.0,0.253,0.0102,1
2024-06-06 07:56:00,901.0,0.259,0.000469,1
2024-06-06 07:57:00,899.0,0.252,0.0127,1
2024-06-06 07:58:00,892.0,0.364,-0.235,1
2024-06-06 07:59:00,890.0,0.371,-0.222,1
2024-06-06 08:00:00,888.0,0.359,-0.22,1
2024-06-06 08:01:00,1970.0,1360.0,1300.0,0
2024-06-06 08:02:00,1970.0,1330.0,1250.0,0
2024-06-06 08:03:00,1390.0,686.0,646.0,1
2024-06-06 08:04:00,1470.0,720.0,646.0,1
2024-06-06 08:05:00,1470.0,721.0,663.0,1
2024-06-06 08:06:00,894.0,0.331,-0.227,1
2024-06-06 08:07:00,898.0,0.336,-0.218,1
2024-06-06 08:08:00,896.0,0.329,-0.22,1
2024-06-06 08:09:00,1340.0,716.0,711.0,1
2024-06-06 08:10:00,1770.0,1360.0,1350.0,0
2024-06-06 08:11:00,1760.0,1370.0,1350.0,0
2024-06-06 08:12:00,1760.0,1360.0,1350.0,0
2024-06-06 08:13:00,1770.0,1350.0,1320.0,0
2024-06-06 08:14:00,1760.0,1370.0,1350.0,0
2024-06-06 08:15:00,1740.0,1370.0,1360.0,0
2024-06-06 08:16:00,1730.0,1350.0,1340.0,0
2024-06-06 08:17:00,1740.0,1340.0,1330.0,0
2024-06-06 08:18:00,1740.0,1340.0,1320.0,0
2024-06-06 08:19:00,1730.0,1360.0,1340.0,0
2024-06-06 08:20:00,1710.0,1350.0,1310.0,0
2024-06-06 08:21:00,1730.0,1350.0,1320.0,0
2024-06-06 08:22:00,1740.0,1360.0,1330.0,0
2024-06-06 08:23:00,1750.0,1360.0,1330.0,0
2024-06-06 08:24:00,1120.0,683.0,671.0,1
2024-06-06 08:25:00,1130.0,687.0,676.0,1
2024-06-06 08:26:00,1130.0,686.0,675.0,1
2024-06-06 08:27:00,1350.0,1070.0,991.0,1
2024-06-06 08:28:00,1380.0,984.0,946.0,1
2024-06-06 08:29:00,1440.0,817.0,774.0,1
2024-06-06 08:30:00,2240.0,1730.0,1620.0,0
2024-06-06 08:31:00,2150.0,1620.0,1500.0,0
2024-06-06 08:32:00,2190.0,1460.0,1400.0,0
2024-06-06 08:33:00,2140.0,1450.0,1370.0,0
2024-06-06 08:34:00,2130.0,1410.0,1320.0,0
2024-06-06 08:35:00,2120.0,1410.0,1270.0,0
2024-06-06 08:36:00,2030.0,1350.0,1240.0,0
2024-06-06 08:37:00,2060.0,1290.0,1200.0,0
2024-06-06 08:38:00,1940.0,1280.0,1170.0,0
2024-06-06 08:39:00,2110.0,1370.0,1220.0,0
2024-06-06 08:40:00,2000.0,1250.0,1170.0,0
2024-06-06 08:41:00,1950.0,1270.0,1150.0,0
2024-06-06 08:42:00,1360.0,644.0,571.0,1
2024-06-06 08:43:00,1450.0,701.0,588.0,1
2024-06-06 08:44:00,1450.0,679.0,601.0,1
2024-06-06 08:45:00,1440.0,3640.0,3340.0,0
2024-06-06 08:46:00,1450.0,3620.0,3060.0,0
2024-06-06 08:47:00,1480.0,3720.0,3070.0,0
2024-06-06 08:48:00,1470.0,3710.0,3110.0,0
2024-06-06 08:49:00,1470.0,3720.0,3110.0,0
2024-06-06 08:50:00,1480.0,3680.0,3100.0,0
2024-06-06 08:51:00,1390.0,3670.0,3080.0,0
2024-06-06 08:52:00,1330.0,3540.0,3000.0,0
2024-06-06 08:53:00,757.0,3000.0,2560.0,0
2024-06-06 08:54:00,756.0,3010.0,2560.0,0
2024-06-06 08:55:00,1350.0,3680.0,3150.0,0
2024-06-06 08:56:00,1500.0,3670.0,3090.0,0
2024-06-06 08:57:00,828.0,3000.0,2560.0,0
2024-06-06 08:58:00,1240.0,3660.0,3090.0,0
2024-06-06 08:59:00,1230.0,3620.0,3090.0,0
2024-06-06 09:00:00,1310.0,3410.0,3080.0,0
2024-06-06 09:01:00,1270.0,1190.0,3060.0,0
2024-06-06 09:02:00,1240.0,3420.0,3040.0,0
2024-06-06 09:03:00,1330.0,2140.0,3030.0,0
2024-06-06 09:04:00,1360.0,1820.0,3410.0,0
2024-06-06 09:05:00,1210.0,1860.0,3350.0,0
2024-06-06 09:06:00,1330.0,1760.0,3060.0,0
2024-06-06 09:07:00,1360.0,1690.0,3070.0,0
2024-06-06 09:08:00,1290.0,1640.0,3050.0,0
2024-06-06 09:09:00,1320.0,1610.0,3110.0,0
2024-06-06 09:10:00,1360.0,1490.0,3180.0,0
2024-06-06 09:11:00,1340.0,1530.0,3210.0,0
2024-06-06 09:12:00,1250.0,1420.0,2070.0,0
2024-06-06 09:13:00,1290.0,1540.0,2560.0,0
2024-06-06 09:14:00,1290.0,1540.0,2780.0,0
2024-06-06 09:15:00,1390.0,1390.0,1850.0,0
2024-06-06 09:16:00,768.0,814.0,784.0,1
2024-06-06 09:17:00,777.0,837.0,1530.0,1
2024-06-06 09:18:00,770.0,748.0,1130.0,1
2024-06-06 09:19:00,751.0,686.0,1860.0,1
2024-06-06 09:20:00,768.0,823.0,1020.0,1
2024-06-06 09:21:00,771.0,763.0,782.0,1
2024-06-06 09:22:00,762.0,678.0,397.0,1
2024-06-06 09:23:00,1340.0,1390.0,1370.0,0
2024-06-06 09:24:00,1330.0,1510.0,2080.0,0
2024-06-06 09:25:00,1400.0,1500.0,1410.0,0
2024-06-06 09:26:00,1270.0,1360.0,1690.0,0
2024-06-06 09:27:00,1380.0,1500.0,1740.0,0
2024-06-06 09:28:00,1380.0,1440.0,1240.0,0
2024-06-06 09:29:00,1380.0,1330.0,1360.0,0
2024-06-06 09:30:00,1350.0,1370.0,1360.0,0
2024-06-06 09:31:00,1350.0,1360.0,1740.0,0
2024-06-06 09:32:00,551.0,814.0,1130.0,1
2024-06-06 09:33:00,541.0,685.0,2200.0,1
2024-06-06 09:34:00,543.0,743.0,759.0,1
2024-06-06 09:35:00,534.0,694.0,760.0,1
2024-06-06 09:36:00,546.0,596.0,1140.0,1
2024-06-06 09:37:00,964.0,620.0,1510.0,1
2024-06-06 09:38:00,543.0,619.0,23.9,1
2024-06-06 09:39:00,545.0,677.0,1310.0,1
2024-06-06 09:40:00,539.0,712.0,23.5,1
2024-06-06 09:41:00,550.0,643.0,394.0,1
2024-06-06 09:42:00,540.0,703.0,67.0,1
2024-06-06 09:43:00,550.0,643.0,1070.0,1
2024-06-06 09:44:00,545.0,700.0,1860.0,1
2024-06-06 09:45:00,545.0,734.0,754.0,1
2024-06-06 09:46:00,549.0,718.0,759.0,1
2024-06-06 09:47:00,549.0,713.0,459.0,1
2024-06-06 09:48:00,549.0,657.0,146.0,1
2024-06-06 09:49:00,542.0,643.0,721.0,1
2024-06-06 09:50:00,548.0,666.0,403.0,1
2024-06-06 09:51:00,547.0,670.0,765.0,1
2024-06-06 09:52:00,547.0,691.0,1520.0,1
2024-06-06 09:53:00,552.0,620.0,758.0,1
2024-06-06 09:54:00,538.0,655.0,768.0,1
2024-06-06 09:55:00,547.0,690.0,756.0,1
2024-06-06 09:56:00,547.0,693.0,1460.0,1
2024-06-06 09:57:00,543.0,698.0,1520.0,1
2024-06-06 09:58:00,549.0,724.0,2510.0,1
2024-06-06 09:59:00,543.0,878.0,1110.0,1
2024-06-06 10:00:00,541.0,806.0,1860.0,1
2024-06-06 10:01:00,523.0,970.0,1830.0,1
2024-06-06 10:02:00,518.0,973.0,847.0,1
2024-06-06 10:03:00,523.0,978.0,940.0,1
2024-06-06 10:04:00,523.0,912.0,900.0,1
2024-06-06 10:05:00,523.0,858.0,1080.0,1
2024-06-06 10:06:00,529.0,987.0,728.0,1
2024-06-06 10:07:00,949.0,963.0,24.1,1
2024-06-06 10:08:00,2030.0,2370.0,2030.0,0
2024-06-06 10:09:00,2280.0,2640.0,1850.0,0
2024-06-06 10:10:00,2380.0,2550.0,3060.0,0
2024-06-06 10:11:00,2250.0,2520.0,2360.0,0
2024-06-06 10:12:00,2270.0,2350.0,1540.0,0
2024-06-06 10:13:00,2260.0,2450.0,2370.0,0
2024-06-06 10:14:00,2290.0,2570.0,1940.0,0
2024-06-06 10:15:00,2240.0,2450.0,1870.0,0
2024-06-06 10:16:00,1510.0,1660.0,1330.0,0
2024-06-06 10:17:00,1610.0,1810.0,1710.0,0
2024-06-06 10:18:00,1590.0,1720.0,1680.0,0
2024-06-06 10:19:00,1580.0,1860.0,2750.0,0
2024-06-06 10:20:00,1510.0,1800.0,2710.0,0
2024-06-06 10:21:00,1590.0,1780.0,1690.0,0
2024-06-06 10:22:00,1550.0,1710.0,2010.0,0
2024-06-06 10:23:00,1600.0,1760.0,2040.0,0
2024-06-06 10:24:00,1480.0,1800.0,1700.0,0
2024-06-06 10:25:00,1580.0,1790.0,1640.0,0
2024-06-06 10:26:00,1600.0,1840.0,2060.0,0
2024-06-06 10:27:00,1590.0,1780.0,2270.0,0
2024-06-06 10:28:00,1650.0,1780.0,2430.0,0
2024-06-06 10:29:00,1580.0,1770.0,2390.0,0
2024-06-06 10:30:00,1590.0,1750.0,3110.0,0
2024-06-06 10:31:00,1580.0,1740.0,2660.0,0
2024-06-06 10:32:00,1490.0,1820.0,1500.0,0
2024-06-06 10:33:00,1510.0,1700.0,1030.0,0
2024-06-06 10:34:00,546.0,1250.0,766.0,1
2024-06-06 10:35:00,555.0,1100.0,1480.0,1
2024-06-06 10:36:00,547.0,1070.0,1140.0,1
2024-06-06 10:37:00,555.0,1170.0,756.0,1
2024-06-06 10:38:00,542.0,1080.0,1490.0,1
2024-06-06 10:39:00,564.0,1120.0,976.0,1
2024-06-06 10:40:00,556.0,1010.0,580.0,1
2024-06-06 10:41:00,549.0,1030.0,1830.0,1
2024-06-06 10:42:00,543.0,948.0,398.0,1
2024-06-06 10:43:00,542.0,1070.0,1310.0,1
2024-06-06 10:44:00,546.0,964.0,2220.0,1
2024-06-06 10:45:00,546.0,1050.0,1450.0,1
2024-06-06 10:46:00,548.0,1090.0,2040.0,1
2024-06-06 10:47:00,549.0,1120.0,1500.0,1
2024-06-06 10:48:00,891.0,1250.0,1720.0,1
2024-06-06 10:49:00,543.0,1090.0,1490.0,1
2024-06-06 10:50:00,551.0,948.0,1500.0,1
2024-06-06 10:51:00,549.0,829.0,728.0,1
2024-06-06 10:52:00,548.0,904.0,394.0,1
2024-06-06 10:53:00,539.0,1030.0,782.0,1
2024-06-06 10:54:00,547.0,1050.0,756.0,1
2024-06-06 10:55:00,544.0,951.0,23.8,1
2024-06-06 10:56:00,550.0,966.0,1140.0,1
2024-06-06 10:57:00,548.0,1050.0,397.0,1
2024-06-06 10:58:00,553.0,999.0,390.0,1
2024-06-06 10:59:00,552.0,1090.0,781.0,1
2024-06-06 11:00:00,549.0,954.0,770.0,1
2024-06-06 11:01:00,546.0,903.0,742.0,1
2024-06-06 11:02:00,546.0,933.0,774.0,1
2024-06-06 11:03:00,546.0,951.0,756.0,1
2024-06-06 11:04:00,553.0,915.0,2020.0,1
2024-06-06 11:05:00,551.0,885.0,1850.0,1
2024-06-06 11:06:00,555.0,1070.0,1110.0,1
2024-06-06 11:07:00,543.0,1050.0,2280.0,1
2024-06-06 11:08:00,538.0,989.0,2170.0,1
2024-06-06 11:09:00,545.0,989.0,1760.0,1
2024-06-06 11:10:00,540.0,956.0,1440.0,1
2024-06-06 11:11:00,537.0,903.0,1770.0,1
2024-06-06 11:12:00,549.0,903.0,1320.0,1
2024-06-06 11:13:00,542.0,953.0,1100.0,1
2024-06-06 11:14:00,547.0,1050.0,1110.0,1
2024-06-06 11:15:00,548.0,959.0,750.0,1
2024-06-06 11:16:00,989.0,1010.0,1070.0,1
2024-06-06 11:17:00,2550.0,2570.0,2100.0,0
2024-06-06 11:18:00,2460.0,2580.0,3060.0,0
2024-06-06 11:19:00,2550.0,2650.0,2080.0,0
2024-06-06 11:20:00,2380.0,2450.0,1320.0,0
2024-06-06 11:21:00,2400.0,3060.0,2800.0,0
2024-06-06 11:22:00,2340.0,2720.0,2020.0,0
2024-06-06 11:23:00,2360.0,2340.0,1660.0,0
2024-06-06 11:24:00,2340.0,2550.0,1660.0,0
2024-06-06 11:25:00,2370.0,2760.0,1960.0,0
2024-06-06 11:26:00,2340.0,2410.0,2000.0,0
2024-06-06 11:27:00,2340.0,3180.0,2320.0,0
2024-06-06 11:28:00,2270.0,2790.0,3040.0,0
2024-06-06 11:29:00,2310.0,2420.0,2360.0,0
2024-06-06 11:30:00,2230.0,2570.0,1550.0,0
2024-06-06 11:31:00,2290.0,2460.0,1580.0,0
2024-06-06 11:32:00,1590.0,1780.0,1560.0,0
2024-06-06 11:33:00,1600.0,1740.0,935.0,0
2024-06-06 11:34:00,1630.0,1800.0,979.0,0
2024-06-06 11:35:00,1630.0,1780.0,1300.0,0
2024-06-06 11:36:00,1600.0,1630.0,2010.0,0
2024-06-06 11:37:00,1610.0,1650.0,1690.0,0
2024-06-06 11:38:00,1630.0,1640.0,1410.0,0
2024-06-06 11:39:00,1610.0,1790.0,1340.0,0
2024-06-06 11:40:00,1630.0,1700.0,1590.0,0
2024-06-06 11:41:00,1620.0,1710.0,1320.0,0
2024-06-06 11:42:00,1610.0,1640.0,1590.0,0
2024-06-06 11:43:00,1620.0,1640.0,2730.0,0
2024-06-06 11:44:00,1610.0,1740.0,1680.0,0
2024-06-06 11:45:00,1600.0,1650.0,1320.0,0
2024-06-06 11:46:00,1580.0,1760.0,956.0,0
2024-06-06 11:47:00,1600.0,1700.0,2070.0,0
2024-06-06 11:48:00,539.0,1030.0,2140.0,1
2024-06-06 11:49:00,753.0,1010.0,1430.0,1
2024-06-06 11:50:00,752.0,1090.0,1280.0,1
2024-06-06 11:51:00,741.0,993.0,385.0,1
2024-06-06 11:52:00,1380.0,1700.0,1310.0,0
2024-06-06 11:53:00,1350.0,1710.0,1310.0,0
2024-06-06 11:54:00,1420.0,1820.0,2030.0,0
2024-06-06 11:55:00,1410.0,1680.0,1660.0,0
2024-06-06 11:56:00,1400.0,1670.0,972.0,0
2024-06-06 11:57:00,1370.0,1890.0,2010.0,0
2024-06-06 11:58:00,1430.0,1850.0,2350.0,0
2024-06-06 11:59:00,1430.0,1710.0,594.0,1
2024-06-06 12:00:00,1410.0,1580.0,1640.0,0
2024-06-06 12:01:00,1430.0,1610.0,941.0,0
2024-06-06 12:02:00,1420.0,1870.0,1300.0,0
2024-06-06 12:03:00,1420.0,1690.0,1640.0,0
2024-06-06 12:04:00,1410.0,1750.0,1260.0,0
2024-06-06 12:05:00,1430.0,1730.0,2020.0,0
2024-06-06 12:06:00,1420.0,1710.0,1340.0,0
2024-06-06 12:07:00,1400.0,1680.0,1340.0,0
2024-06-06 12:08:00,756.0,1000.0,1120.0,1
2024-06-06 12:09:00,747.0,819.0,378.0,1
2024-06-06 12:10:00,1810.0,2240.0,1380.0,0
2024-06-06 12:11:00,1820.0,2470.0,2010.0,0
2024-06-06 12:12:00,1760.0,2440.0,2610.0,0
2024-06-06 12:13:00,1820.0,2460.0,2330.0,0
2024-06-06 12:14:00,1840.0,2250.0,1270.0,0
2024-06-06 12:15:00,1800.0,2360.0,2610.0,0
2024-06-06 12:16:00,1830.0,2490.0,2650.0,0
2024-06-06 12:17:00,1810.0,2410.0,1980.0,0
2024-06-06 12:18:00,1800.0,2300.0,2310.0,0
2024-06-06 12:19:00,1830.0,2480.0,1950.0,0
2024-06-06 12:20:00,1800.0,2440.0,1950.0,0
2024-06-06 12:21:00,1810.0,2380.0,2330.0,0
2024-06-06 12:22:00,1780.0,2440.0,2330.0,0
2024-06-06 12:23:00,1820.0,2380.0,1600.0,0
2024-06-06 12:24:00,1770.0,2470.0,2700.0,0
2024-06-06 12:25:00,1830.0,2390.0,2010.0,0
2024-06-06 12:26:00,1820.0,2560.0,2390.0,0
2024-06-06 12:27:00,1800.0,2320.0,2730.0,0
2024-06-06 12:28:00,1170.0,1770.0,2760.0,0
2024-06-06 12:29:00,1190.0,1760.0,2400.0,0
2024-06-06 12:30:00,521.0,1130.0,1420.0,1
2024-06-06 12:31:00,528.0,1270.0,759.0,1
2024-06-06 12:32:00,530.0,986.0,1410.0,1
2024-06-06 12:33:00,1600.0,2240.0,1640.0,0
2024-06-06 12:34:00,1460.0,2020.0,1570.0,0
2024-06-06 12:35:00,1540.0,1980.0,1820.0,0
2024-06-06 12:36:00,1510.0,1830.0,2140.0,0
2024-06-06 12:37:00,1490.0,1960.0,2850.0,0
2024-06-06 12:38:00,1510.0,1980.0,2780.0,0
2024-06-06 12:39:00,1470.0,2060.0,1390.0,0
2024-06-06 12:40:00,1460.0,2010.0,1400.0,0
2024-06-06 12:41:00,1440.0,2060.0,1740.0,0
2024-06-06 12:42:00,1460.0,1910.0,1690.0,0
2024-06-06 12:43:00,1400.0,1850.0,1250.0,0
2024-06-06 12:44:00,1430.0,1840.0,2630.0,0
2024-06-06 12:45:00,1440.0,2050.0,1310.0,0
2024-06-06 12:46:00,1390.0,1940.0,2030.0,0
2024-06-06 12:47:00,1400.0,2010.0,2680.0,0
2024-06-06 12:48:00,1400.0,1980.0,1600.0,0
2024-06-06 12:49:00,1420.0,1990.0,1970.0,0
2024-06-06 12:50:00,1400.0,2180.0,1790.0,0
2024-06-06 12:51:00,1370.0,2010.0,1870.0,0
2024-06-06 12:52:00,1420.0,2020.0,2000.0,0
2024-06-06 12:53:00,1410.0,1910.0,1660.0,0
2024-06-06 12:54:00,1450.0,1870.0,2020.0,0
2024-06-06 12:55:00,1400.0,1900.0,1640.0,0
2024-06-06 12:56:00,1410.0,1860.0,1300.0,0
2024-06-06 12:57:00,1420.0,1950.0,1820.0,0
2024-06-06 12:58:00,1390.0,1820.0,1310.0,0
2024-06-06 12:59:00,1370.0,1970.0,1330.0,0
2024-06-06 13:00:00,1410.0,1810.0,1660.0,0
2024-06-06 13:01:00,1410.0,1730.0,2280.0,0
2024-06-06 13:02:00,1360.0,1830.0,2130.0,0
2024-06-06 13:03:00,1410.0,1940.0,2330.0,0
2024-06-06 13:04:00,1430.0,1980.0,2380.0,0
2024-06-06 13:05:00,1390.0,1930.0,1910.0,0
2024-06-06 13:06:00,1390.0,1680.0,1660.0,0
2024-06-06 13:07:00,1420.0,1820.0,1320.0,0
2024-06-06 13:08:00,1390.0,1860.0,2040.0,0
2024-06-06 13:09:00,1390.0,1860.0,2040.0,0
2024-06-06 13:10:00,1400.0,1730.0,2370.0,0
2024-06-06 13:11:00,532.0,1070.0,2530.0,1
2024-06-06 13:12:00,964.0,1000.0,1480.0,1
2024-06-06 13:13:00,2330.0,2520.0,2350.0,0
2024-06-06 13:14:00,2300.0,2350.0,2670.0,0
2024-06-06 13:15:00,2400.0,2530.0,3610.0,0
2024-06-06 13:16:00,2410.0,2590.0,3270.0,0
2024-06-06 13:17:00,2450.0,2520.0,2920.0,0
2024-06-06 13:18:00,2330.0,2480.0,2560.0,0
2024-06-06 13:19:00,1640.0,1760.0,1600.0,0
2024-06-06 13:20:00,1630.0,1790.0,2210.0,0
2024-06-06 13:21:00,1640.0,1780.0,2710.0,0
2024-06-06 13:22:00,1630.0,1890.0,1650.0,0
2024-06-06 13:23:00,1670.0,1770.0,935.0,0
2024-06-06 13:24:00,752.0,1040.0,1730.0,1
2024-06-06 13:25:00,542.0,981.0,1120.0,1
2024-06-06 13:26:00,969.0,949.0,736.0,1
2024-06-06 13:27:00,1570.0,1740.0,2720.0,0
2024-06-06 13:28:00,2360.0,2540.0,2040.0,0
2024-06-06 13:29:00,2440.0,2640.0,1530.0,0
2024-06-06 13:30:00,1670.0,1820.0,1070.0,0
2024-06-06 13:31:00,949.0,939.0,749.0,1
2024-06-06 13:32:00,962.0,1020.0,736.0,1
2024-06-06 13:33:00,967.0,1090.0,384.0,1
2024-06-06 13:34:00,949.0,1150.0,390.0,1
2024-06-06 13:35:00,941.0,1020.0,1780.0,1
2024-06-06 13:36:00,2240.0,2310.0,1700.0,0
2024-06-06 13:37:00,2340.0,2450.0,1380.0,0
2024-06-06 13:38:00,2420.0,2450.0,2750.0,0
2024-06-06 13:39:00,1660.0,1730.0,2410.0,0
2024-06-06 13:40:00,956.0,845.0,2130.0,1
2024-06-06 13:41:00,950.0,764.0,388.0,1
2024-06-06 13:42:00,938.0,1030.0,760.0,1
2024-06-06 13:43:00,955.0,1150.0,1800.0,1
2024-06-06 13:44:00,1580.0,1720.0,1310.0,0
2024-06-06 13:45:00,2410.0,2410.0,2130.0,0
2024-06-06 13:46:00,2430.0,2500.0,3400.0,0
2024-06-06 13:47:00,1680.0,1750.0,1750.0,0
2024-06-06 13:48:00,955.0,1050.0,2130.0,1
2024-06-06 13:49:00,956.0,1050.0,1510.0,1
2024-06-06 13:50:00,934.0,1010.0,1440.0,1
2024-06-06 13:51:00,926.0,957.0,2450.0,1
2024-06-06 13:52:00,929.0,1050.0,2160.0,1
2024-06-06 13:53:00,2320.0,2570.0,2570.0,0
2024-06-06 13:54:00,2410.0,2640.0,3180.0,0
2024-06-06 13:55:00,2410.0,2620.0,2610.0,0
2024-06-06 13:56:00,1700.0,1790.0,1660.0,0
2024-06-06 13:57:00,945.0,1160.0,752.0,1
2024-06-06 13:58:00,945.0,1010.0,1730.0,1
2024-06-06 13:59:00,917.0,1060.0,1080.0,1
2024-06-06 14:00:00,947.0,1130.0,365.0,1
2024-06-06 14:01:00,941.0,1090.0,1080.0,1
2024-06-06 14:02:00,2250.0,2430.0,1160.0,0
2024-06-06 14:03:00,2510.0,2610.0,2700.0,0
2024-06-06 14:04:00,1660.0,1820.0,1350.0,0
2024-06-06 14:05:00,1660.0,1780.0,1320.0,0
2024-06-06 14:06:00,934.0,1000.0,1020.0,1
2024-06-06 14:07:00,913.0,1030.0,1670.0,1
2024-06-06 14:08:00,908.0,1130.0,1710.0,1
2024-06-06 14:09:00,940.0,1030.0,1060.0,1
2024-06-06 14:10:00,925.0,827.0,1370.0,1
2024-06-06 14:11:00,2210.0,2320.0,2150.0,0
2024-06-06 14:12:00,2490.0,2780.0,2820.0,0
2024-06-06 14:13:00,1680.0,1760.0,1680.0,0
2024-06-06 14:14:00,940.0,956.0,749.0,1
2024-06-06 14:15:00,946.0,942.0,1090.0,1
2024-06-06 14:16:00,931.0,916.0,726.0,1
2024-06-06 14:17:00,929.0,989.0,732.0,1
2024-06-06 14:18:00,939.0,879.0,1070.0,1
2024-06-06 14:19:00,1600.0,1660.0,1340.0,0
2024-06-06 14:20:00,2290.0,2550.0,1520.0,0
2024-06-06 14:21:00,2450.0,2750.0,2410.0,0
2024-06-06 14:22:00,1630.0,1710.0,1540.0,0
2024-06-06 14:23:00,945.0,1030.0,371.0,1
2024-06-06 14:24:00,927.0,1070.0,1060.0,1
2024-06-06 14:25:00,947.0,1080.0,1510.0,1
2024-06-06 14:26:00,936.0,904.0,371.0,1
2024-06-06 14:27:00,934.0,1090.0,1040.0,1
2024-06-06 14:28:00,1580.0,1760.0,1030.0,0
2024-06-06 14:29:00,2350.0,2640.0,2030.0,0
2024-06-06 14:30:00,2450.0,2600.0,2400.0,0
2024-06-06 14:31:00,1610.0,1760.0,2380.0,0
2024-06-06 14:32:00,931.0,1130.0,1250.0,1
2024-06-06 14:33:00,943.0,1040.0,1760.0,1
2024-06-06 14:34:00,942.0,1070.0,1080.0,1
2024-06-06 14:35:00,930.0,990.0,1750.0,1
2024-06-06 14:36:00,941.0,1060.0,1470.0,1
2024-06-06 14:37:00,2210.0,2460.0,2250.0,0
2024-06-06 14:38:00,2420.0,2690.0,2900.0,0
2024-06-06 14:39:00,1700.0,1770.0,1700.0,0
2024-06-06 14:40:00,534.0,1050.0,2500.0,1
2024-06-06 14:41:00,541.0,1050.0,1760.0,1
2024-06-06 14:42:00,543.0,1160.0,1460.0,1
2024-06-06 14:43:00,519.0,1050.0,2110.0,1
2024-06-06 14:44:00,531.0,1110.0,1710.0,1
2024-06-06 14:45:00,725.0,1020.0,726.0,1
2024-06-06 14:46:00,740.0,1030.0,1090.0,1
2024-06-06 14:47:00,1360.0,1680.0,2310.0,0
2024-06-06 14:48:00,1510.0,1970.0,1780.0,0
2024-06-06 14:49:00,1440.0,1930.0,1340.0,0
2024-06-06 14:50:00,1460.0,1920.0,2410.0,0
2024-06-06 14:51:00,1440.0,1760.0,1510.0,0
2024-06-06 14:52:00,1460.0,1720.0,2280.0,0
2024-06-06 14:53:00,1450.0,1830.0,2050.0,0
2024-06-06 14:54:00,1360.0,1720.0,1390.0,0
2024-06-06 14:55:00,1420.0,1960.0,1790.0,0
2024-06-06 14:56:00,1410.0,1890.0,2470.0,0
2024-06-06 14:57:00,745.0,940.0,1390.0,1
2024-06-06 14:58:00,735.0,1140.0,1690.0,1
2024-06-06 14:59:00,761.0,1160.0,1090.0,1
2024-06-06 15:00:00,753.0,1160.0,728.0,1
2024-06-06 15:01:00,743.0,940.0,1070.0,1
2024-06-06 15:02:00,750.0,1070.0,492.0,1
2024-06-06 15:03:00,1400.0,1930.0,1660.0,0
2024-06-06 15:04:00,1420.0,1920.0,1700.0,0
2024-06-06 15:05:00,1440.0,1850.0,2130.0,0
2024-06-06 15:06:00,1500.0,1800.0,2430.0,0
2024-06-06 15:07:00,1480.0,1680.0,1760.0,0
2024-06-06 15:08:00,1380.0,1670.0,1720.0,0
2024-06-06 15:09:00,1440.0,1790.0,2610.0,0
2024-06-06 15:10:00,1380.0,1740.0,1180.0,0
2024-06-06 15:11:00,735.0,1010.0,1080.0,1
2024-06-06 15:12:00,733.0,948.0,1410.0,1
2024-06-06 15:13:00,717.0,952.0,886.0,1
2024-06-06 15:14:00,734.0,835.0,377.0,1
2024-06-06 15:15:00,741.0,940.0,733.0,1
2024-06-06 15:16:00,723.0,950.0,1060.0,1
2024-06-06 15:17:00,1370.0,1750.0,1320.0,0
2024-06-06 15:18:00,1470.0,1730.0,1210.0,0
2024-06-06 15:19:00,1450.0,1850.0,2010.0,0
2024-06-06 15:20:00,1420.0,1720.0,1000.0,0
2024-06-06 15:21:00,1440.0,1700.0,1310.0,0
2024-06-06 15:22:00,1410.0,1660.0,2020.0,0
2024-06-06 15:23:00,1440.0,1910.0,2350.0,0
2024-06-06 15:24:00,746.0,976.0,717.0,1
2024-06-06 15:25:00,736.0,820.0,375.0,1
2024-06-06 15:26:00,726.0,944.0,1670.0,1
2024-06-06 15:27:00,719.0,1070.0,1110.0,1
2024-06-06 15:28:00,747.0,1050.0,375.0,1
2024-06-06 15:29:00,757.0,1000.0,1830.0,1
2024-06-06 15:30:00,1430.0,1530.0,1700.0,0
2024-06-06 15:31:00,1440.0,1720.0,2090.0,0
2024-06-06 15:32:00,1450.0,1950.0,2490.0,0
2024-06-06 15:33:00,1480.0,1750.0,2090.0,0
2024-06-06 15:34:00,1470.0,1760.0,1710.0,0
2024-06-06 15:35:00,1410.0,1800.0,1460.0,0
2024-06-06 15:36:00,1500.0,1770.0,2230.0,0
2024-06-06 15:37:00,1440.0,1710.0,1010.0,0
2024-06-06 15:38:00,736.0,1010.0,737.0,1
2024-06-06 15:39:00,744.0,988.0,1000.0,1
2024-06-06 15:40:00,741.0,937.0,23.7,1
2024-06-06 15:41:00,742.0,1090.0,99.0,1
2024-06-06 15:42:00,750.0,1070.0,2010.0,1
2024-06-06 15:43:00,736.0,954.0,1070.0,1
2024-06-06 15:44:00,1410.0,1750.0,1320.0,0
2024-06-06 15:45:00,1520.0,1870.0,1070.0,0
2024-06-06 15:46:00,1490.0,1870.0,1340.0,0
2024-06-06 15:47:00,1450.0,1800.0,2040.0,0
2024-06-06 15:48:00,1480.0,1900.0,2120.0,0
2024-06-06 15:49:00,1450.0,1770.0,1670.0,0
2024-06-06 15:50:00,1420.0,1690.0,1350.0,0
2024-06-06 15:51:00,765.0,952.0,1230.0,1
2024-06-06 15:52:00,762.0,1010.0,1440.0,1
2024-06-06 15:53:00,766.0,1060.0,386.0,1
2024-06-06 15:54:00,740.0,1100.0,745.0,1
2024-06-06 15:55:00,743.0,1070.0,766.0,1
2024-06-06 15:56:00,738.0,1060.0,385.0,1
2024-06-06 15:57:00,743.0,994.0,1100.0,1
2024-06-06 15:58:00,1420.0,1780.0,2060.0,0
2024-06-06 15:59:00,1510.0,2070.0,2170.0,0
2024-06-06 16:00:00,1490.0,1990.0,1770.0,0
2024-06-06 16:01:00,1480.0,1790.0,2050.0,0
2024-06-06 16:02:00,1450.0,1810.0,1830.0,0
2024-06-06 16:03:00,1490.0,1910.0,1370.0,0
2024-06-06 16:04:00,1440.0,1800.0,1520.0,0
2024-06-06 16:05:00,733.0,1120.0,1410.0,1
2024-06-06 16:06:00,745.0,1080.0,1080.0,1
2024-06-06 16:07:00,532.0,1040.0,735.0,1
2024-06-06 16:08:00,527.0,1030.0,727.0,1
2024-06-06 16:09:00,719.0,1070.0,833.0,1
2024-06-06 16:10:00,1380.0,1780.0,1830.0,0
2024-06-06 16:11:00,1760.0,2380.0,3550.0,0
2024-06-06 16:12:00,1770.0,2300.0,3290.0,0
2024-06-06 16:13:00,1770.0,2550.0,2320.0,0
2024-06-06 16:14:00,1780.0,2240.0,2810.0,0
2024-06-06 16:15:00,1800.0,2210.0,2530.0,0
2024-06-06 16:16:00,1830.0,2400.0,2650.0,0
2024-06-06 16:17:00,1840.0,2530.0,2320.0,0
2024-06-06 16:18:00,1830.0,2540.0,2710.0,0
2024-06-06 16:19:00,1810.0,2530.0,1620.0,0
2024-06-06 16:20:00,1750.0,2310.0,1770.0,0
2024-06-06 16:21:00,1780.0,2360.0,2600.0,0
2024-06-06 16:22:00,1820.0,2270.0,1580.0,0
2024-06-06 16:23:00,1790.0,2300.0,1630.0,0
2024-06-06 16:24:00,1800.0,2570.0,3010.0,0
2024-06-06 16:25:00,1800.0,2460.0,1980.0,0
2024-06-06 16:26:00,1800.0,2280.0,1610.0,0
2024-06-06 16:27:00,1130.0,1730.0,1380.0,0
2024-06-06 16:28:00,1150.0,1730.0,1700.0,0
2024-06-06 16:29:00,1170.0,1680.0,1860.0,0
2024-06-06 16:30:00,524.0,1070.0,1080.0,1
2024-06-06 16:31:00,527.0,992.0,725.0,1
2024-06-06 16:32:00,527.0,934.0,374.0,1
2024-06-06 16:33:00,1670.0,2360.0,1380.0,0
2024-06-06 16:34:00,1740.0,1860.0,2250.0,0
2024-06-06 16:35:00,1610.0,2000.0,2560.0,0
2024-06-06 16:36:00,1500.0,1910.0,1420.0,0
2024-06-06 16:37:00,1500.0,1880.0,2130.0,0
2024-06-06 16:38:00,1480.0,2080.0,2360.0,0
2024-06-06 16:39:00,1480.0,2000.0,1720.0,0
2024-06-06 16:40:00,1440.0,1970.0,2380.0,0
2024-06-06 16:41:00,1460.0,1870.0,3020.0,0
2024-06-06 16:42:00,2350.0,2860.0,2390.0,0
2024-06-06 16:43:00,2530.0,2840.0,2170.0,0
2024-06-06 16:44:00,2420.0,2870.0,2480.0,0
2024-06-06 16:45:00,2460.0,2690.0,1730.0,0
2024-06-06 16:46:00,2380.0,2330.0,2480.0,0
2024-06-06 16:47:00,2450.0,2470.0,2500.0,0
2024-06-06 16:48:00,2430.0,2690.0,1820.0,0
2024-06-06 16:49:00,2430.0,2750.0,2430.0,0
2024-06-06 16:50:00,2390.0,2530.0,1750.0,0
2024-06-06 16:51:00,2320.0,2660.0,1950.0,0
2024-06-06 16:52:00,2380.0,2610.0,2780.0,0
2024-06-06 16:53:00,2350.0,2410.0,2740.0,0
2024-06-06 16:54:00,1620.0,1660.0,2720.0,0
2024-06-06 16:55:00,1610.0,1790.0,1870.0,0
2024-06-06 16:56:00,1570.0,1810.0,1780.0,0
2024-06-06 16:57:00,1560.0,1560.0,2100.0,0
2024-06-06 16:58:00,1610.0,1620.0,1030.0,0
2024-06-06 16:59:00,1620.0,1740.0,2110.0,0
2024-06-06 17:00:00,1640.0,1700.0,1760.0,0
2024-06-06 17:01:00,1590.0,1490.0,1050.0,0
2024-06-06 17:02:00,1620.0,1700.0,664.0,0
2024-06-06 17:03:00,1620.0,1660.0,1020.0,0
2024-06-06 17:04:00,1630.0,1690.0,1940.0,0
2024-06-06 17:05:00,963.0,1000.0,23.8,1
2024-06-06 17:06:00,954.0,1010.0,741.0,1
2024-06-06 17:07:00,956.0,810.0,1470.0,1
2024-06-06 17:08:00,1530.0,1730.0,1390.0,0
2024-06-06 17:09:00,2240.0,2600.0,2940.0,0
2024-06-06 17:10:00,2400.0,2680.0,3520.0,0
2024-06-06 17:11:00,1700.0,1780.0,2460.0,0
2024-06-06 17:12:00,1640.0,1810.0,1510.0,0
2024-06-06 17:13:00,942.0,948.0,1580.0,1
2024-06-06 17:14:00,962.0,1080.0,1810.0,1
2024-06-06 17:15:00,965.0,971.0,684.0,1
2024-06-06 17:16:00,945.0,944.0,1530.0,1
2024-06-06 17:17:00,1580.0,1720.0,2020.0,0
2024-06-06 17:18:00,2210.0,2320.0,1970.0,0
2024-06-06 17:19:00,2380.0,2480.0,2780.0,0
2024-06-06 17:20:00,1640.0,1610.0,1410.0,0
2024-06-06 17:21:00,966.0,1060.0,1650.0,1
2024-06-06 17:22:00,960.0,911.0,1080.0,1
2024-06-06 17:23:00,969.0,1020.0,735.0,1
2024-06-06 17:24:00,955.0,988.0,1480.0,1
2024-06-06 17:25:00,982.0,963.0,2040.0,1
2024-06-06 17:26:00,2230.0,2410.0,2900.0,0
2024-06-06 17:27:00,2400.0,2700.0,2210.0,0
2024-06-06 17:28:00,1680.0,1860.0,1900.0,0
2024-06-06 17:29:00,1640.0,1990.0,2750.0,0
2024-06-06 17:30:00,953.0,1080.0,1100.0,1
2024-06-06 17:31:00,949.0,916.0,1070.0,1
2024-06-06 17:32:00,936.0,874.0,387.0,1
2024-06-06 17:33:00,950.0,920.0,1080.0,1
2024-06-06 17:34:00,1620.0,1790.0,2750.0,0
2024-06-06 17:35:00,2190.0,2420.0,2100.0,0
2024-06-06 17:36:00,2530.0,2660.0,2300.0,0
2024-06-06 17:37:00,1630.0,1690.0,2490.0,0
2024-06-06 17:38:00,938.0,846.0,391.0,1
2024-06-06 17:39:00,941.0,873.0,561.0,1
2024-06-06 17:40:00,937.0,875.0,1100.0,1
2024-06-06 17:41:00,925.0,928.0,2080.0,1
2024-06-06 17:42:00,938.0,938.0,722.0,1
2024-06-06 17:43:00,2140.0,2390.0,2700.0,0
2024-06-06 17:44:00,2440.0,2570.0,3310.0,0
2024-06-06 17:45:00,2390.0,2380.0,2540.0,0
2024-06-06 17:46:00,1640.0,1570.0,2580.0,0
2024-06-06 17:47:00,943.0,850.0,1440.0,1
2024-06-06 17:48:00,944.0,857.0,1060.0,1
2024-06-06 17:49:00,909.0,958.0,1070.0,1
2024-06-06 17:50:00,931.0,884.0,376.0,1
2024-06-06 17:51:00,940.0,845.0,1080.0,1
2024-06-06 17:52:00,2160.0,2280.0,2110.0,0
2024-06-06 17:53:00,2550.0,2770.0,2940.0,0
2024-06-06 17:54:00,1620.0,1710.0,2120.0,0
2024-06-06 17:55:00,944.0,908.0,684.0,1
2024-06-06 17:56:00,940.0,1020.0,27.0,1
2024-06-06 17:57:00,942.0,990.0,391.0,1
2024-06-06 17:58:00,940.0,1090.0,377.0,1
2024-06-06 17:59:00,937.0,965.0,712.0,1
2024-06-06 18:00:00,1610.0,1640.0,2080.0,0
2024-06-06 18:01:00,2210.0,2250.0,1340.0,0
2024-06-06 18:02:00,2380.0,2710.0,2610.0,0
2024-06-06 18:03:00,1610.0,1820.0,727.0,0
2024-06-06 18:04:00,926.0,1100.0,1140.0,1
2024-06-06 18:05:00,925.0,913.0,559.0,1
2024-06-06 18:06:00,936.0,941.0,1080.0,1
2024-06-06 18:07:00,941.0,965.0,1780.0,1
2024-06-06 18:08:00,934.0,1070.0,749.0,1
2024-06-06 18:09:00,2140.0,2280.0,2250.0,0
2024-06-06 18:10:00,2380.0,2580.0,3050.0,0
2024-06-06 18:11:00,1630.0,1870.0,2430.0,0
2024-06-06 18:12:00,1600.0,1780.0,1760.0,0
2024-06-06 18:13:00,951.0,854.0,2200.0,1
2024-06-06 18:14:00,936.0,960.0,1730.0,1
2024-06-06 18:15:00,942.0,964.0,740.0,1
2024-06-06 18:16:00,939.0,980.0,1310.0,1
2024-06-06 18:17:00,933.0,960.0,841.0,1
2024-06-06 18:18:00,2180.0,2530.0,1930.0,0
2024-06-06 18:19:00,2500.0,2720.0,2290.0,0
2024-06-06 18:20:00,1620.0,1860.0,1840.0,0
2024-06-06 18:21:00,935.0,929.0,730.0,1
2024-06-06 18:22:00,931.0,969.0,49.6,1
2024-06-06 18:23:00,941.0,957.0,1150.0,1
2024-06-06 18:24:00,904.0,1010.0,140.0,1
2024-06-06 18:25:00,935.0,951.0,1410.0,1
2024-06-06 18:26:00,921.0,1070.0,1100.0,1
2024-06-06 18:27:00,2170.0,2430.0,1620.0,0
2024-06-06 18:28:00,2390.0,2730.0,1560.0,0
2024-06-06 18:29:00,1670.0,1800.0,1460.0,0
2024-06-06 18:30:00,954.0,975.0,1090.0,1
2024-06-06 18:31:00,940.0,1050.0,721.0,1
2024-06-06 18:32:00,931.0,916.0,740.0,1
2024-06-06 18:33:00,935.0,1000.0,1070.0,1
2024-06-06 18:34:00,938.0,1130.0,726.0,1
2024-06-06 18:35:00,1330.0,1720.0,2360.0,0
2024-06-06 18:36:00,1370.0,1800.0,2070.0,0
2024-06-06 18:37:00,1460.0,1740.0,1480.0,0
2024-06-06 18:38:00,1450.0,1790.0,2370.0,0
2024-06-06 18:39:00,1420.0,1730.0,2230.0,0
2024-06-06 18:40:00,1470.0,1740.0,2710.0,0
2024-06-06 18:41:00,1630.0,1660.0,2190.0,0
2024-06-06 18:42:00,519.0,901.0,1450.0,1
2024-06-06 18:43:00,515.0,924.0,738.0,1
2024-06-06 18:44:00,528.0,1000.0,1470.0,1
2024-06-06 18:45:00,518.0,1140.0,776.0,1
2024-06-06 18:46:00,520.0,1020.0,1330.0,1
2024-06-06 18:47:00,527.0,941.0,2180.0,1
2024-06-06 18:48:00,949.0,991.0,1470.0,1
2024-06-06 18:49:00,2200.0,2370.0,2060.0,0
2024-06-06 18:50:00,2600.0,2830.0,2760.0,0
2024-06-06 18:51:00,2410.0,2600.0,2250.0,0
2024-06-06 18:52:00,2380.0,2560.0,3560.0,0
2024-06-06 18:53:00,2320.0,2640.0,3250.0,0
2024-06-06 18:54:00,2320.0,2540.0,3220.0,0
2024-06-06 18:55:00,1620.0,1790.0,2460.0,0
2024-06-06 18:56:00,1610.0,1840.0,3200.0,0
2024-06-06 18:57:00,1610.0,1720.0,2150.0,0
2024-06-06 18:58:00,1600.0,1640.0,2460.0,0
2024-06-06 18:59:00,1610.0,1670.0,2050.0,0
2024-06-06 19:00:00,1590.0,1950.0,2750.0,0
2024-06-06 19:01:00,1590.0,1890.0,2450.0,0
2024-06-06 19:02:00,1540.0,1790.0,2350.0,0
2024-06-06 19:03:00,1570.0,1750.0,1410.0,0
2024-06-06 19:04:00,1560.0,1740.0,2510.0,0
2024-06-06 19:05:00,1560.0,1710.0,2460.0,0
2024-06-06 19:06:00,929.0,1100.0,748.0,1
2024-06-06 19:07:00,950.0,934.0,1370.0,1
2024-06-06 19:08:00,935.0,983.0,2240.0,1
2024-06-06 19:09:00,950.0,986.0,1440.0,1
2024-06-06 19:10:00,929.0,1010.0,413.0,1
2024-06-06 19:11:00,2150.0,2320.0,2020.0,0
2024-06-06 19:12:00,2420.0,2580.0,2650.0,0
2024-06-06 19:13:00,1600.0,1560.0,1790.0,0
2024-06-06 19:14:00,952.0,941.0,386.0,1
2024-06-06 19:15:00,945.0,957.0,1100.0,1
2024-06-06 19:16:00,946.0,993.0,653.0,1
2024-06-06 19:17:00,955.0,1020.0,763.0,1
2024-06-06 19:18:00,946.0,1070.0,752.0,1
2024-06-06 19:19:00,2100.0,2350.0,2660.0,0
2024-06-06 19:20:00,2360.0,2630.0,2560.0,0
2024-06-06 19:21:00,2330.0,2580.0,2730.0,0
2024-06-06 19:22:00,946.0,1140.0,706.0,1
2024-06-06 19:23:00,947.0,1060.0,760.0,1
2024-06-06 19:24:00,942.0,1120.0,742.0,1
2024-06-06 19:25:00,946.0,1090.0,1110.0,1
2024-06-06 19:26:00,947.0,1010.0,401.0,1
2024-06-06 19:27:00,937.0,1010.0,1040.0,1
2024-06-06 19:28:00,2120.0,2340.0,1640.0,0
2024-06-06 19:29:00,2380.0,2700.0,2320.0,0
2024-06-06 19:30:00,1640.0,1860.0,1470.0,0
2024-06-06 19:31:00,943.0,1110.0,476.0,1
2024-06-06 19:32:00,951.0,1010.0,766.0,1
2024-06-06 19:33:00,946.0,1040.0,385.0,1
2024-06-06 19:34:00,942.0,929.0,1110.0,1
2024-06-06 19:35:00,938.0,977.0,2470.0,1
2024-06-06 19:36:00,949.0,1100.0,1110.0,1
2024-06-06 19:37:00,2110.0,2340.0,2700.0,0
2024-06-06 19:38:00,2420.0,2760.0,3590.0,0
2024-06-06 19:39:00,1610.0,1800.0,1740.0,0
2024-06-06 19:40:00,948.0,986.0,2120.0,1
2024-06-06 19:41:00,951.0,982.0,1240.0,1
2024-06-06 19:42:00,952.0,1100.0,1830.0,1
2024-06-06 19:43:00,948.0,1140.0,1330.0,1
2024-06-06 19:44:00,943.0,977.0,1000.0,1
2024-06-06 19:45:00,1500.0,1740.0,1410.0,0
2024-06-06 19:46:00,2130.0,2420.0,2510.0,0
2024-06-06 19:47:00,2340.0,2550.0,2210.0,0
2024-06-06 19:48:00,1600.0,1730.0,2170.0,0
2024-06-06 19:49:00,949.0,1030.0,1100.0,1
2024-06-06 19:50:00,926.0,1010.0,740.0,1
2024-06-06 19:51:00,915.0,1150.0,1440.0,1
2024-06-06 19:52:00,935.0,1060.0,389.0,1
2024-06-06 19:53:00,917.0,1040.0,1690.0,1
2024-06-06 19:54:00,2040.0,2580.0,2950.0,0
2024-06-06 19:55:00,2140.0,2360.0,3240.0,0
2024-06-06 19:56:00,2310.0,2610.0,3170.0,0
2024-06-06 19:57:00,1580.0,1650.0,2090.0,0
2024-06-06 19:58:00,947.0,1120.0,1430.0,1
2024-06-06 19:59:00,951.0,1190.0,1700.0,1
2024-06-06 20:00:00,952.0,1060.0,1010.0,1
2024-06-06 20:01:00,958.0,1090.0,1800.0,1
2024-06-06 20:02:00,951.0,1140.0,1700.0,1
2024-06-06 20:03:00,2060.0,2470.0,2440.0,0
2024-06-06 20:04:00,2240.0,2530.0,2490.0,0
2024-06-06 20:05:00,2290.0,2620.0,2820.0,0
2024-06-06 20:06:00,937.0,1040.0,743.0,1
2024-06-06 20:07:00,940.0,1110.0,960.0,1
2024-06-06 20:08:00,945.0,1080.0,967.0,1
2024-06-06 20:09:00,945.0,1030.0,782.0,1
2024-06-06 20:10:00,932.0,860.0,753.0,1
2024-06-06 20:11:00,1360.0,1670.0,1430.0,0
2024-06-06 20:12:00,1750.0,2220.0,1990.0,0
2024-06-06 20:13:00,1760.0,2300.0,1810.0,0
2024-06-06 20:14:00,1760.0,2370.0,2400.0,0
2024-06-06 20:15:00,1760.0,2190.0,2090.0,0
2024-06-06 20:16:00,1740.0,2150.0,1310.0,0
2024-06-06 20:17:00,1770.0,2150.0,2390.0,0
2024-06-06 20:18:00,1770.0,2370.0,1310.0,0
2024-06-06 20:19:00,1780.0,2310.0,2080.0,0
2024-06-06 20:20:00,1800.0,2160.0,2440.0,0
2024-06-06 20:21:00,1780.0,2270.0,2100.0,0
2024-06-06 20:22:00,1820.0,2420.0,2100.0,0
2024-06-06 20:23:00,1850.0,2380.0,2800.0,0
2024-06-06 20:24:00,1820.0,2430.0,2810.0,0
2024-06-06 20:25:00,1810.0,2590.0,3210.0,0
2024-06-06 20:26:00,1810.0,2410.0,3710.0,0
2024-06-06 20:27:00,1800.0,2260.0,2060.0,0
2024-06-06 20:28:00,1820.0,2270.0,2430.0,0
2024-06-06 20:29:00,532.0,973.0,1840.0,1
2024-06-06 20:30:00,539.0,1100.0,2170.0,1
2024-06-06 20:31:00,536.0,1020.0,1130.0,1
2024-06-06 20:32:00,2490.0,3020.0,3470.0,0
2024-06-06 20:33:00,2540.0,3020.0,3330.0,0
2024-06-06 20:34:00,2510.0,2900.0,3490.0,0
2024-06-06 20:35:00,2360.0,2750.0,3540.0,0
2024-06-06 20:36:00,2360.0,2660.0,2670.0,0
2024-06-06 20:37:00,2310.0,2590.0,2280.0,0
2024-06-06 20:38:00,2590.0,2620.0,2820.0,0
2024-06-06 20:39:00,2550.0,2470.0,1740.0,0
2024-06-06 20:40:00,2550.0,2620.0,2430.0,0
2024-06-06 20:41:00,2530.0,2590.0,3110.0,0
2024-06-06 20:42:00,2510.0,2570.0,2690.0,0
2024-06-06 20:43:00,2440.0,2620.0,2030.0,0
2024-06-06 20:44:00,2540.0,2680.0,3340.0,0
2024-06-06 20:45:00,2420.0,2700.0,2000.0,0
2024-06-06 20:46:00,2520.0,2680.0,2270.0,0
2024-06-06 20:47:00,2500.0,2500.0,2660.0,0
2024-06-06 20:48:00,1920.0,1870.0,1960.0,0
2024-06-06 20:49:00,1920.0,1920.0,1620.0,0
2024-06-06 20:50:00,1850.0,1820.0,1820.0,0
2024-06-06 20:51:00,1900.0,1970.0,2710.0,0
2024-06-06 20:52:00,1880.0,1880.0,1310.0,0
2024-06-06 20:53:00,1520.0,1770.0,1780.0,0
2024-06-06 20:54:00,948.0,1010.0,844.0,1
2024-06-06 20:55:00,958.0,1010.0,392.0,1
2024-06-06 20:56:00,950.0,919.0,723.0,1
2024-06-06 20:57:00,2030.0,2370.0,2970.0,0
2024-06-06 20:58:00,2090.0,2400.0,2220.0,0
2024-06-06 20:59:00,676.0,1170.0,1230.0,1
2024-06-06 21:00:00,946.0,1300.0,1840.0,1
2024-06-06 21:01:00,536.0,1380.0,1140.0,1
2024-06-06 21:02:00,930.0,1020.0,710.0,1
2024-06-06 21:03:00,2090.0,2260.0,2550.0,0
2024-06-06 21:04:00,2220.0,2610.0,2330.0,0
2024-06-06 21:05:00,529.0,1100.0,1520.0,1
2024-06-06 21:06:00,522.0,1020.0,1510.0,1
2024-06-06 21:07:00,725.0,1290.0,1110.0,1
2024-06-06 21:08:00,1340.0,1580.0,3220.0,0
2024-06-06 21:09:00,1370.0,1270.0,2580.0,0
2024-06-06 21:10:00,1340.0,1800.0,2260.0,0
2024-06-06 21:11:00,1380.0,1750.0,2910.0,0
2024-06-06 21:12:00,1350.0,1740.0,2240.0,0
2024-06-06 21:13:00,1700.0,2040.0,1350.0,0
2024-06-06 21:14:00,1670.0,1840.0,1740.0,0
2024-06-06 21:15:00,1660.0,1880.0,1670.0,0
2024-06-06 21:16:00,1660.0,1610.0,1730.0,0
2024-06-06 21:17:00,1690.0,1850.0,2070.0,0
2024-06-06 21:18:00,1670.0,1910.0,2360.0,0
2024-06-06 21:19:00,1670.0,1900.0,2080.0,0
2024-06-06 21:20:00,1630.0,1900.0,2050.0,0
2024-06-06 21:21:00,1670.0,1980.0,1930.0,0
2024-06-06 21:22:00,1670.0,1900.0,1710.0,0
2024-06-06 21:23:00,1670.0,1820.0,2770.0,0
2024-06-06 21:24:00,1070.0,1200.0,2160.0,0
2024-06-06 21:25:00,1080.0,974.0,1400.0,1
2024-06-06 21:26:00,1060.0,1120.0,2110.0,1
2024-06-06 21:27:00,1080.0,1120.0,1360.0,1
2024-06-06 21:28:00,1080.0,1120.0,1350.0,1
2024-06-06 21:29:00,1660.0,1950.0,2330.0,0
2024-06-06 21:30:00,1650.0,1950.0,2030.0,0
2024-06-06 21:31:00,1680.0,1880.0,2090.0,0
2024-06-06 21:32:00,1670.0,1870.0,1330.0,0
2024-06-06 21:33:00,1650.0,1820.0,1310.0,0
2024-06-06 21:34:00,1680.0,1840.0,3090.0,0
2024-06-06 21:35:00,1680.0,2010.0,1680.0,0
2024-06-06 21:36:00,1660.0,1920.0,2020.0,0
2024-06-06 21:37:00,1100.0,1170.0,1600.0,1
2024-06-06 21:38:00,1080.0,1190.0,1400.0,1
2024-06-06 21:39:00,1430.0,1210.0,2130.0,0
2024-06-06 21:40:00,1810.0,1890.0,2650.0,0
2024-06-06 21:41:00,2460.0,2400.0,2510.0,0
2024-06-06 21:42:00,2640.0,2670.0,2960.0,0
2024-06-06 21:43:00,2570.0,2540.0,2450.0,0
2024-06-06 21:44:00,1310.0,1160.0,1400.0,1
2024-06-06 21:45:00,1300.0,1180.0,654.0,1
2024-06-06 21:46:00,1310.0,1080.0,1380.0,1
2024-06-06 21:47:00,1300.0,1400.0,1020.0,1
2024-06-06 21:48:00,1320.0,1340.0,1780.0,0
2024-06-06 21:49:00,1330.0,1170.0,1690.0,0
2024-06-06 21:50:00,2450.0,2430.0,2670.0,0
2024-06-06 21:51:00,2570.0,2560.0,3570.0,0
2024-06-06 21:52:00,1930.0,1790.0,1720.0,0
2024-06-06 21:53:00,878.0,1060.0,648.0,1
2024-06-06 21:54:00,1290.0,1160.0,1950.0,0
2024-06-06 21:55:00,1310.0,1170.0,2420.0,0
2024-06-06 21:56:00,1300.0,1110.0,649.0,1
2024-06-06 21:57:00,1310.0,1100.0,1400.0,1
2024-06-06 21:58:00,2450.0,2470.0,3050.0,0
2024-06-06 21:59:00,2650.0,2570.0,2550.0,0
2024-06-06 22:00:00,1950.0,1850.0,1720.0,0
2024-06-06 22:01:00,1310.0,1100.0,1430.0,1
2024-06-06 22:02:00,1290.0,986.0,1430.0,1
2024-06-06 22:03:00,1310.0,1110.0,1410.0,1
2024-06-06 22:04:00,1310.0,1070.0,1810.0,0
2024-06-06 22:05:00,1290.0,1040.0,1460.0,1
2024-06-06 22:06:00,2430.0,2290.0,2330.0,0
2024-06-06 22:07:00,2480.0,2600.0,2070.0,0
2024-06-06 22:08:00,2260.0,2250.0,2090.0,0
2024-06-06 22:09:00,1290.0,1130.0,664.0,1
2024-06-06 22:10:00,1290.0,1130.0,1780.0,0
2024-06-06 22:11:00,1290.0,1050.0,1050.0,1
2024-06-06 22:12:00,1300.0,1070.0,1410.0,1
2024-06-06 22:13:00,1300.0,1090.0,1750.0,1
2024-06-06 22:14:00,2130.0,2180.0,1670.0,0
2024-06-06 22:15:00,2390.0,2410.0,2710.0,0
2024-06-06 22:16:00,2560.0,2650.0,3580.0,0
2024-06-06 22:17:00,1300.0,1070.0,1750.0,1
2024-06-06 22:18:00,1290.0,1170.0,1780.0,0
2024-06-06 22:19:00,1300.0,1280.0,1720.0,0
2024-06-06 22:20:00,1280.0,1060.0,1600.0,1
2024-06-06 22:21:00,1300.0,1170.0,1370.0,1
2024-06-06 22:22:00,1320.0,1130.0,1020.0,1
2024-06-06 22:23:00,2440.0,2580.0,2200.0,0
2024-06-06 22:24:00,2690.0,2770.0,2790.0,0
2024-06-06 22:25:00,1940.0,2020.0,1950.0,0
2024-06-06 22:26:00,1310.0,1220.0,1240.0,1
2024-06-06 22:27:00,1300.0,1000.0,746.0,1
2024-06-06 22:28:00,1310.0,1090.0,1010.0,1
2024-06-06 22:29:00,1290.0,1060.0,1350.0,1
2024-06-06 22:30:00,1300.0,1130.0,723.0,1
2024-06-06 22:31:00,1690.0,1850.0,1210.0,0
2024-06-06 22:32:00,2390.0,2520.0,3330.0,0
2024-06-06 22:33:00,2560.0,2650.0,1800.0,0
2024-06-06 22:34:00,1310.0,1150.0,669.0,1
2024-06-06 22:35:00,1300.0,936.0,2140.0,0
2024-06-06 22:36:00,1300.0,1050.0,656.0,1
2024-06-06 22:37:00,1300.0,1030.0,1060.0,1
2024-06-06 22:38:00,1300.0,1230.0,1740.0,0
2024-06-06 22:39:00,1290.0,1200.0,1040.0,1
2024-06-06 22:40:00,2440.0,2530.0,2380.0,0
2024-06-06 22:41:00,2590.0,2750.0,3250.0,0
2024-06-06 22:42:00,1930.0,1720.0,2310.0,0
2024-06-06 22:43:00,1310.0,1130.0,2160.0,0
2024-06-06 22:44:00,1310.0,1310.0,2150.0,0
2024-06-06 22:45:00,1300.0,1010.0,1860.0,1
2024-06-06 22:46:00,1310.0,1150.0,2580.0,0
2024-06-06 22:47:00,1310.0,1290.0,1050.0,1
2024-06-06 22:48:00,2440.0,2550.0,2680.0,0
2024-06-06 22:49:00,2430.0,2320.0,3580.0,0
2024-06-06 22:50:00,2630.0,2580.0,3230.0,0
2024-06-06 22:51:00,1310.0,1200.0,1700.0,0
2024-06-06 22:52:00,1320.0,1070.0,2160.0,0
2024-06-06 22:53:00,1300.0,1210.0,1770.0,0
2024-06-06 22:54:00,1310.0,1140.0,1890.0,0
2024-06-06 22:55:00,1330.0,1360.0,1640.0,0
2024-06-06 22:56:00,1310.0,1240.0,1830.0,0
2024-06-06 22:57:00,2480.0,2520.0,3410.0,0
2024-06-06 22:58:00,2680.0,2740.0,4060.0,0
2024-06-06 22:59:00,1970.0,1910.0,2830.0,0
2024-06-06 23:00:00,1340.0,1200.0,2170.0,0
2024-06-06 23:01:00,1330.0,1040.0,2220.0,0
2024-06-06 23:02:00,1320.0,1020.0,1150.0,1
2024-06-06 23:03:00,1330.0,1060.0,1830.0,0
2024-06-06 23:04:00,1330.0,1130.0,2860.0,0
2024-06-06 23:05:00,2420.0,2480.0,2830.0,0
2024-06-06 23:06:00,2390.0,2500.0,1900.0,0
2024-06-06 23:07:00,2530.0,2530.0,3160.0,0
2024-06-06 23:08:00,1310.0,1110.0,1060.0,1
2024-06-06 23:09:00,1310.0,1140.0,1050.0,1
2024-06-06 23:10:00,1310.0,1080.0,1780.0,1
2024-06-06 23:11:00,1310.0,944.0,1040.0,1
2024-06-06 23:12:00,1320.0,1030.0,669.0,1
2024-06-06 23:13:00,1300.0,1060.0,1830.0,1
2024-06-06 23:14:00,2450.0,2490.0,2290.0,0
2024-06-06 23:15:00,2630.0,2880.0,2570.0,0
2024-06-06 23:16:00,1910.0,1810.0,2450.0,0
2024-06-06 23:17:00,1310.0,1020.0,1800.0,1
2024-06-06 23:18:00,1320.0,1100.0,1990.0,0
2024-06-06 23:19:00,1310.0,1200.0,2900.0,0
2024-06-06 23:20:00,1320.0,1210.0,1050.0,1
2024-06-06 23:21:00,1290.0,1280.0,1040.0,1
2024-06-06 23:22:00,2320.0,2660.0,3050.0,0
2024-06-06 23:23:00,2390.0,2610.0,3320.0,0
2024-06-06 23:24:00,2580.0,2730.0,2460.0,0
2024-06-06 23:25:00,1310.0,1290.0,1400.0,1
2024-06-06 23:26:00,1320.0,1170.0,644.0,1
2024-06-06 23:27:00,1290.0,982.0,1050.0,1
2024-06-06 23:28:00,1310.0,1160.0,660.0,1
2024-06-06 23:29:00,1300.0,1360.0,1180.0,1
2024-06-06 23:30:00,1300.0,1130.0,1410.0,1
2024-06-06 23:31:00,2430.0,2370.0,2290.0,0
2024-06-06 23:32:00,2540.0,2630.0,2390.0,0
2024-06-06 23:33:00,1920.0,2180.0,2840.0,0
2024-06-06 23:34:00,1310.0,1370.0,1120.0,1
2024-06-06 23:35:00,1300.0,921.0,2130.0,0
2024-06-06 23:36:00,1310.0,1210.0,2170.0,0
2024-06-06 23:37:00,1310.0,1200.0,1430.0,1
2024-06-06 23:38:00,1300.0,891.0,2150.0,0
2024-06-06 23:39:00,1310.0,1060.0,1810.0,1
2024-06-06 23:40:00,2380.0,2460.0,2320.0,0
2024-06-06 23:41:00,2660.0,2660.0,3220.0,0
2024-06-06 23:42:00,1290.0,1050.0,1040.0,1
2024-06-06 23:43:00,1300.0,1040.0,282.0,1
2024-06-06 23:44:00,1320.0,939.0,1780.0,1
2024-06-06 23:45:00,1310.0,1000.0,1050.0,1
2024-06-06 23:46:00,2440.0,2370.0,1930.0,0
2024-06-06 23:47:00,2650.0,2660.0,1770.0,0
2024-06-06 23:48:00,1930.0,1990.0,1740.0,0
2024-06-06 23:49:00,1300.0,1080.0,687.0,1
2024-06-06 23:50:00,1320.0,1220.0,446.0,1
2024-06-06 23:51:00,1310.0,1080.0,1060.0,1
2024-06-06 23:52:00,1320.0,1030.0,851.0,1
2024-06-06 23:53:00,969.0,1040.0,781.0,1
2024-06-06 23:54:00,2060.0,2350.0,2840.0,0
2024-06-06 23:55:00,2110.0,2370.0,2690.0,0
2024-06-06 23:56:00,2240.0,2570.0,2770.0,0
2024-06-06 23:57:00,1110.0,1070.0,1920.0,1
2024-06-06 23:58:00,976.0,825.0,714.0,1
2024-06-06 23:59:00,947.0,913.0,783.0,1
2024-06-07 00:00:00,1540.0,1720.0,2130.0,0
2024-06-07 00:01:00,2110.0,2580.0,2050.0,0
2024-06-07 00:02:00,2220.0,2640.0,1450.0,0
2024-06-07 00:03:00,1540.0,1760.0,1470.0,0
2024-06-07 00:04:00,973.0,993.0,404.0,1
2024-06-07 00:05:00,964.0,1120.0,24.1,1
2024-06-07 00:06:00,984.0,1070.0,1140.0,1
2024-06-07 00:07:00,972.0,935.0,1120.0,1
2024-06-07 00:08:00,983.0,1100.0,1830.0,1
2024-06-07 00:09:00,2080.0,2410.0,3140.0,0
2024-06-07 00:10:00,2340.0,2590.0,1880.0,0
2024-06-07 00:11:00,1620.0,1790.0,2160.0,0
2024-06-07 00:12:00,1420.0,1790.0,1460.0,0
2024-06-07 00:13:00,1870.0,2430.0,2490.0,0
2024-06-07 00:14:00,1850.0,2460.0,3090.0,0
2024-06-07 00:15:00,1860.0,2390.0,3650.0,0
2024-06-07 00:16:00,1880.0,2390.0,2510.0,0
2024-06-07 00:17:00,1890.0,2570.0,3200.0,0
2024-06-07 00:18:00,1870.0,2440.0,2540.0,0
2024-06-07 00:19:00,1870.0,2440.0,2180.0,0
2024-06-07 00:20:00,1880.0,2590.0,2460.0,0
2024-06-07 00:21:00,1890.0,2570.0,1790.0,0
2024-06-07 00:22:00,1880.0,2360.0,2150.0,0
2024-06-07 00:23:00,1850.0,2460.0,1410.0,0
2024-06-07 00:24:00,1840.0,2390.0,2900.0,0
2024-06-07 00:25:00,1840.0,2460.0,2530.0,0
2024-06-07 00:26:00,1840.0,2410.0,2150.0,0
2024-06-07 00:27:00,1870.0,2390.0,2140.0,0
2024-06-07 00:28:00,1810.0,2450.0,2140.0,0
2024-06-07 00:29:00,1210.0,1940.0,1470.0,0
2024-06-07 00:30:00,546.0,1160.0,1170.0,1
2024-06-07 00:31:00,540.0,1020.0,408.0,1
2024-06-07 00:32:00,1520.0,2230.0,2590.0,0
2024-06-07 00:33:00,2460.0,3190.0,4560.0,0
2024-06-07 00:34:00,2550.0,2850.0,2860.0,0
2024-06-07 00:35:00,2300.0,2680.0,2360.0,0
2024-06-07 00:36:00,2320.0,2600.0,4020.0,0
2024-06-07 00:37:00,2260.0,2520.0,3340.0,0
2024-06-07 00:38:00,2210.0,2380.0,2200.0,0
2024-06-07 00:39:00,2200.0,2360.0,2480.0,0
2024-06-07 00:40:00,2140.0,2480.0,3230.0,0
2024-06-07 00:41:00,2180.0,2520.0,2440.0,0
2024-06-07 00:42:00,2140.0,2470.0,3220.0,0
2024-06-07 00:43:00,2060.0,2420.0,1730.0,0
2024-06-07 00:44:00,2150.0,2500.0,2070.0,0
2024-06-07 00:45:00,2170.0,2490.0,2860.0,0
2024-06-07 00:46:00,2140.0,2480.0,2520.0,0
2024-06-07 00:47:00,1560.0,1820.0,1450.0,0
2024-06-07 00:48:00,1520.0,1770.0,1840.0,0
2024-06-07 00:49:00,1540.0,1780.0,1420.0,0
2024-06-07 00:50:00,1520.0,1680.0,1040.0,0
2024-06-07 00:51:00,1510.0,1660.0,1970.0,0
2024-06-07 00:52:00,1530.0,1640.0,1630.0,0
2024-06-07 00:53:00,1520.0,1780.0,1440.0,0
2024-06-07 00:54:00,1530.0,1650.0,1090.0,0
2024-06-07 00:55:00,1530.0,1470.0,1500.0,0
2024-06-07 00:56:00,1520.0,1620.0,2610.0,0
2024-06-07 00:57:00,973.0,957.0,289.0,1
2024-06-07 00:58:00,960.0,966.0,786.0,1
2024-06-07 00:59:00,974.0,995.0,1900.0,1
2024-06-07 01:00:00,949.0,904.0,23.9,1
2024-06-07 01:01:00,1520.0,1660.0,998.0,0
2024-06-07 01:02:00,2020.0,2330.0,2130.0,0
2024-06-07 01:03:00,2320.0,2520.0,1480.0,0
2024-06-07 01:04:00,1570.0,1730.0,1440.0,0
2024-06-07 01:05:00,939.0,1000.0,799.0,1
2024-06-07 01:06:00,950.0,990.0,25.8,1
2024-06-07 01:07:00,954.0,1140.0,1340.0,1
2024-06-07 01:08:00,949.0,1240.0,1190.0,1
2024-06-07 01:09:00,966.0,1060.0,396.0,1
2024-06-07 01:10:00,2090.0,2260.0,3250.0,0
2024-06-07 01:11:00,2190.0,2520.0,2560.0,0
2024-06-07 01:12:00,1530.0,1710.0,1410.0,0
2024-06-07 01:13:00,952.0,922.0,772.0,1
2024-06-07 01:14:00,964.0,1020.0,1520.0,1
2024-06-07 01:15:00,958.0,1030.0,2600.0,0
2024-06-07 01:16:00,952.0,913.0,1270.0,1
2024-06-07 01:17:00,964.0,977.0,799.0,1
2024-06-07 01:18:00,2060.0,2350.0,1940.0,0
2024-06-07 01:19:00,2140.0,2530.0,2790.0,0
2024-06-07 01:20:00,1550.0,1870.0,1960.0,0
2024-06-07 01:21:00,953.0,1120.0,784.0,1
2024-06-07 01:22:00,963.0,1090.0,529.0,1
2024-06-07 01:23:00,955.0,1110.0,2230.0,1
2024-06-07 01:24:00,960.0,1110.0,1750.0,1
2024-06-07 01:25:00,959.0,1100.0,1580.0,1
2024-06-07 01:26:00,2090.0,2430.0,2430.0,0
2024-06-07 01:27:00,2030.0,2350.0,3180.0,0
2024-06-07 01:28:00,1700.0,2120.0,3090.0,0
2024-06-07 01:29:00,942.0,1120.0,905.0,1
2024-06-07 01:30:00,959.0,1100.0,791.0,1
2024-06-07 01:31:00,957.0,1170.0,1540.0,1
2024-06-07 01:32:00,960.0,1090.0,1150.0,1
2024-06-07 01:33:00,962.0,1100.0,1580.0,1
2024-06-07 01:34:00,1450.0,1650.0,1400.0,0
2024-06-07 01:35:00,543.0,1070.0,407.0,1
2024-06-07 01:36:00,964.0,1280.0,1550.0,1
2024-06-07 01:37:00,1460.0,1680.0,1360.0,0
2024-06-07 01:38:00,2150.0,2440.0,2140.0,0
2024-06-07 01:39:00,2310.0,2610.0,3960.0,0
2024-06-07 01:40:00,1550.0,1750.0,2550.0,0
2024-06-07 01:41:00,964.0,1150.0,1130.0,1
2024-06-07 01:42:00,967.0,1170.0,781.0,1
2024-06-07 01:43:00,972.0,1050.0,773.0,1
2024-06-07 01:44:00,957.0,940.0,776.0,1
2024-06-07 01:45:00,963.0,1040.0,769.0,1
2024-06-07 01:46:00,2040.0,2410.0,2130.0,0
2024-06-07 01:47:00,2130.0,2430.0,2030.0,0
2024-06-07 01:48:00,1560.0,1720.0,2550.0,0
2024-06-07 01:49:00,971.0,1140.0,1510.0,1
2024-06-07 01:50:00,957.0,1050.0,853.0,1
2024-06-07 01:51:00,970.0,1110.0,1160.0,1
2024-06-07 01:52:00,967.0,1140.0,1150.0,1
2024-06-07 01:53:00,962.0,1070.0,1900.0,1
2024-06-07 01:54:00,2110.0,2310.0,2820.0,0
2024-06-07 01:55:00,2070.0,2340.0,2790.0,0
2024-06-07 01:56:00,2230.0,2500.0,3210.0,0
2024-06-07 01:57:00,959.0,1160.0,1540.0,1
2024-06-07 01:58:00,956.0,883.0,1520.0,1
2024-06-07 01:59:00,961.0,783.0,1540.0,1
2024-06-07 02:00:00,956.0,797.0,719.0,1
2024-06-07 02:01:00,958.0,844.0,1900.0,1
2024-06-07 02:02:00,966.0,755.0,581.0,1
2024-06-07 02:03:00,2070.0,2060.0,2780.0,0
2024-06-07 02:04:00,2290.0,2210.0,2260.0,0
2024-06-07 02:05:00,1510.0,1450.0,692.0,1
2024-06-07 02:06:00,967.0,633.0,1510.0,1
2024-06-07 02:07:00,954.0,695.0,600.0,1
2024-06-07 02:08:00,972.0,746.0,1170.0,1
2024-06-07 02:09:00,965.0,739.0,1190.0,1
2024-06-07 02:10:00,968.0,629.0,392.0,1
2024-06-07 02:11:00,2120.0,2030.0,1660.0,0
2024-06-07 02:12:00,2220.0,2160.0,2230.0,0
2024-06-07 02:13:00,1550.0,1500.0,1840.0,0
2024-06-07 02:14:00,962.0,594.0,950.0,1
2024-06-07 02:15:00,967.0,808.0,1410.0,1
2024-06-07 02:16:00,955.0,641.0,410.0,1
2024-06-07 02:17:00,952.0,620.0,415.0,1
2024-06-07 02:18:00,957.0,630.0,539.0,1
2024-06-07 02:19:00,2120.0,2050.0,1690.0,0
2024-06-07 02:20:00,2090.0,2060.0,2550.0,0
2024-06-07 02:21:00,2180.0,2140.0,2130.0,0
2024-06-07 02:22:00,976.0,631.0,1390.0,1
2024-06-07 02:23:00,972.0,570.0,1850.0,1
2024-06-07 02:24:00,976.0,699.0,2210.0,1
2024-06-07 02:25:00,971.0,605.0,1880.0,1
2024-06-07 02:26:00,969.0,663.0,765.0,1
2024-06-07 02:27:00,964.0,612.0,1130.0,1
2024-06-07 02:28:00,2050.0,1980.0,2390.0,0
2024-06-07 02:29:00,2310.0,2210.0,2010.0,0
2024-06-07 02:30:00,1580.0,1280.0,1760.0,0
2024-06-07 02:31:00,965.0,575.0,1500.0,1
2024-06-07 02:32:00,958.0,610.0,1130.0,1
2024-06-07 02:33:00,958.0,673.0,713.0,1
2024-06-07 02:34:00,957.0,701.0,1140.0,1
2024-06-07 02:35:00,968.0,611.0,755.0,1
2024-06-07 02:36:00,2060.0,1940.0,2740.0,0
2024-06-07 02:37:00,2040.0,2000.0,2420.0,0
2024-06-07 02:38:00,1490.0,1470.0,1780.0,0
2024-06-07 02:39:00,962.0,597.0,1540.0,1
2024-06-07 02:40:00,941.0,627.0,407.0,1
2024-06-07 02:41:00,949.0,616.0,1150.0,1
2024-06-07 02:42:00,940.0,777.0,1530.0,1
2024-06-07 02:43:00,947.0,708.0,1210.0,1
2024-06-07 02:44:00,962.0,590.0,1610.0,1
2024-06-07 02:45:00,2040.0,1990.0,2750.0,0
2024-06-07 02:46:00,2250.0,2220.0,2620.0,0
2024-06-07 02:47:00,744.0,733.0,1890.0,1
2024-06-07 02:48:00,731.0,752.0,1510.0,1
2024-06-07 02:49:00,737.0,607.0,1230.0,1
2024-06-07 02:50:00,745.0,794.0,1140.0,1
2024-06-07 02:51:00,1310.0,1470.0,2140.0,0
2024-06-07 02:52:00,541.0,703.0,1880.0,1
2024-06-07 02:53:00,961.0,754.0,763.0,1
2024-06-07 02:54:00,1530.0,1210.0,1740.0,0
2024-06-07 02:55:00,2150.0,1970.0,1510.0,0
2024-06-07 02:56:00,2250.0,2120.0,1480.0,0
2024-06-07 02:57:00,1560.0,1370.0,1830.0,0
2024-06-07 02:58:00,965.0,680.0,1390.0,1
2024-06-07 02:59:00,953.0,651.0,786.0,1
2024-06-07 03:00:00,975.0,778.0,1460.0,1
2024-06-07 03:01:00,968.0,831.0,780.0,1
2024-06-07 03:02:00,979.0,784.0,789.0,1
2024-06-07 03:03:00,2020.0,2050.0,2460.0,0
2024-06-07 03:04:00,2280.0,2210.0,1580.0,0
2024-06-07 03:05:00,1540.0,1470.0,1720.0,0
2024-06-07 03:06:00,974.0,653.0,790.0,1
2024-06-07 03:07:00,963.0,687.0,216.0,1
2024-06-07 03:08:00,541.0,652.0,1920.0,1
2024-06-07 03:09:00,761.0,760.0,23.5,1
2024-06-07 03:10:00,1290.0,1280.0,1450.0,1
2024-06-07 03:11:00,1310.0,1520.0,2940.0,0
2024-06-07 03:12:00,1350.0,1400.0,1520.0,0
2024-06-07 03:13:00,968.0,630.0,1990.0,1
2024-06-07 03:14:00,958.0,739.0,424.0,1
2024-06-07 03:15:00,1520.0,1060.0,1100.0,1
2024-06-07 03:16:00,2050.0,1320.0,1280.0,0
2024-06-07 03:17:00,2260.0,1510.0,1460.0,0
2024-06-07 03:18:00,1540.0,690.0,685.0,1
2024-06-07 03:19:00,982.0,0.0439,-0.284,1
2024-06-07 03:20:00,982.0,0.0164,-0.416,1
2024-06-07 03:21:00,982.0,0.0545,-0.416,1
2024-06-07 03:22:00,970.0,0.0863,-0.318,1
2024-06-07 03:23:00,975.0,0.126,-0.0366,1
2024-06-07 03:24:00,2060.0,1320.0,1320.0,0
2024-06-07 03:25:00,2100.0,1350.0,1320.0,0
2024-06-07 03:26:00,2160.0,1400.0,1380.0,0
2024-06-07 03:27:00,973.0,0.0249,-0.00924,1
2024-06-07 03:28:00,970.0,0.0375,-0.0641,1
2024-06-07 03:29:00,959.0,0.055,0.055,1
2024-06-07 03:30:00,960.0,0.104,0.0561,1
2024-06-07 03:31:00,960.0,0.225,-0.029,1
2024-06-07 03:32:00,1540.0,684.0,639.0,1
2024-06-07 03:33:00,2080.0,1340.0,1270.0,0
2024-06-07 03:34:00,2230.0,1490.0,1470.0,0
2024-06-07 03:35:00,960.0,0.228,-0.0229,1
2024-06-07 03:36:00,964.0,0.227,-0.0928,1
2024-06-07 03:37:00,958.0,0.218,-0.103,1
2024-06-07 03:38:00,959.0,0.234,-0.108,1
2024-06-07 03:39:00,970.0,0.226,-0.106,1
2024-06-07 03:40:00,959.0,0.227,-0.0931,1
2024-06-07 03:41:00,2050.0,1330.0,1310.0,0
2024-06-07 03:42:00,2280.0,1550.0,1550.0,0
2024-06-07 03:43:00,1540.0,710.0,720.0,1
2024-06-07 03:44:00,958.0,0.262,-0.354,1
2024-06-07 03:45:00,959.0,0.322,-0.0613,1
2024-06-07 03:46:00,946.0,0.276,0.0172,1
2024-06-07 03:47:00,947.0,0.297,0.0136,1
2024-06-07 03:48:00,947.0,0.308,0.0172,1
2024-06-07 03:49:00,2040.0,1370.0,1390.0,0
2024-06-07 03:50:00,2010.0,1310.0,1340.0,0
2024-06-07 03:51:00,2160.0,1450.0,1460.0,0
2024-06-07 03:52:00,946.0,0.302,-0.0707,1
2024-06-07 03:53:00,954.0,0.271,-0.0747,1
2024-06-07 03:54:00,949.0,0.306,0.0169,1
2024-06-07 03:55:00,954.0,3100.0,15.8,0
2024-06-07 03:56:00,940.0,3090.0,2580.0,0
2024-06-07 03:57:00,949.0,3100.0,2590.0,0
2024-06-07 03:58:00,2000.0,4420.0,3870.0,0
2024-06-07 03:59:00,2290.0,3890.0,4070.0,0
2024-06-07 04:00:00,1520.0,2310.0,3330.0,0
2024-06-07 04:01:00,954.0,2080.0,2650.0,0
2024-06-07 04:02:00,1.84,1700.0,2610.0,1
2024-06-07 04:03:00,1.78,1330.0,2640.0,1
2024-06-07 04:04:00,422.0,1860.0,2650.0,0
2024-06-07 04:05:00,430.0,2320.0,2620.0,0
2024-06-07 04:06:00,636.0,806.0,2620.0,1
2024-06-07 04:07:00,858.0,1170.0,2640.0,0
2024-06-07 04:08:00,845.0,237.0,2290.0,1
2024-06-07 04:09:00,1730.0,2480.0,3190.0,0
2024-06-07 04:10:00,1740.0,2890.0,2940.0,0
2024-06-07 04:11:00,1700.0,1370.0,1370.0,0
2024-06-07 04:12:00,1720.0,1360.0,1350.0,0
2024-06-07 04:13:00,1700.0,1360.0,1350.0,0
2024-06-07 04:14:00,1710.0,1350.0,1350.0,0
2024-06-07 04:15:00,1690.0,1340.0,1330.0,0
2024-06-07 04:16:00,1700.0,1350.0,1340.0,0
2024-06-07 04:17:00,1690.0,1340.0,1340.0,0
2024-06-07 04:18:00,1680.0,1350.0,1340.0,0
2024-06-07 04:19:00,1690.0,1350.0,1340.0,0
2024-06-07 04:20:00,1670.0,1350.0,1340.0,0
2024-06-07 04:21:00,1680.0,1360.0,1360.0,0
2024-06-07 04:22:00,1680.0,1360.0,1360.0,0
2024-06-07 04:23:00,1680.0,1360.0,1360.0,0
2024-06-07 04:24:00,1680.0,1360.0,1360.0,0
2024-06-07 04:25:00,1070.0,680.0,679.0,1
2024-06-07 04:26:00,426.0,0.339,-0.0624,1
2024-06-07 04:27:00,432.0,0.319,-0.0555,1
2024-06-07 04:28:00,1460.0,1120.0,1080.0,1
2024-06-07 04:29:00,2290.0,2050.0,1970.0,0
2024-06-07 04:30:00,2330.0,1690.0,1660.0,0
2024-06-07 04:31:00,2170.0,1530.0,1510.0,0
2024-06-07 04:32:00,2170.0,1520.0,1470.0,0
2024-06-07 04:33:00,2150.0,1500.0,1480.0,0
2024-06-07 04:34:00,2120.0,1440.0,1380.0,0
2024-06-07 04:35:00,2090.0,1410.0,1370.0,0
2024-06-07 04:36:00,2040.0,1400.0,1380.0,0
2024-06-07 04:37:00,2010.0,1370.0,1340.0,0
2024-06-07 04:38:00,2000.0,1360.0,1320.0,0
2024-06-07 04:39:00,2010.0,1340.0,1290.0,0
2024-06-07 04:40:00,1980.0,1320.0,1290.0,0
2024-06-07 04:41:00,1950.0,1300.0,1270.0,0
2024-06-07 04:42:00,1970.0,1300.0,1280.0,0
2024-06-07 04:43:00,1390.0,650.0,643.0,1
2024-06-07 04:44:00,1400.0,655.0,645.0,1
2024-06-07 04:45:00,1420.0,663.0,654.0,1
2024-06-07 04:46:00,1400.0,653.0,646.0,1
2024-06-07 04:47:00,1380.0,637.0,638.0,1
2024-06-07 04:48:00,1380.0,656.0,661.0,1
2024-06-07 04:49:00,1370.0,646.0,653.0,1
2024-06-07 04:50:00,1340.0,651.0,633.0,1
2024-06-07 04:51:00,837.0,0.429,-0.0787,1
2024-06-07 04:52:00,837.0,0.394,-0.113,1
2024-06-07 04:53:00,835.0,0.378,-0.117,1
2024-06-07 04:54:00,845.0,0.401,-0.12,1
2024-06-07 04:55:00,1350.0,641.0,641.0,1
2024-06-07 04:56:00,1930.0,1310.0,1290.0,0
2024-06-07 04:57:00,2030.0,1460.0,1460.0,0
2024-06-07 04:58:00,1390.0,673.0,674.0,1
2024-06-07 04:59:00,848.0,0.316,-0.401,1
2024-06-07 05:00:00,851.0,0.4,-0.135,1
2024-06-07 05:01:00,858.0,0.389,-0.141,1
2024-06-07 05:02:00,855.0,0.373,-0.0597,1
2024-06-07 05:03:00,854.0,0.366,-0.058,1
2024-06-07 05:04:00,1920.0,1310.0,1310.0,0
2024-06-07 05:05:00,1950.0,1340.0,1340.0,0
2024-06-07 05:06:00,1400.0,681.0,678.0,1
2024-06-07 05:07:00,849.0,0.371,0.0272,1
2024-06-07 05:08:00,844.0,0.349,0.0202,1
2024-06-07 05:09:00,845.0,0.336,0.00823,1
2024-06-07 05:10:00,850.0,0.358,0.0142,1
2024-06-07 05:11:00,848.0,0.352,0.0303,1
2024-06-07 05:12:00,1930.0,1340.0,1320.0,0
2024-06-07 05:13:00,1910.0,1330.0,1300.0,0
2024-06-07 05:14:00,1430.0,708.0,702.0,1
2024-06-07 05:15:00,851.0,0.364,0.0208,1
2024-06-07 05:16:00,858.0,0.363,0.018,1
2024-06-07 05:17:00,858.0,0.359,0.0252,1
2024-06-07 05:18:00,854.0,0.34,0.0261,1
2024-06-07 05:19:00,856.0,0.364,0.0208,1
2024-06-07 05:20:00,1440.0,716.0,697.0,1
2024-06-07 05:21:00,1920.0,1320.0,1270.0,0
2024-06-07 05:22:00,2100.0,1500.0,1450.0,0
2024-06-07 05:23:00,852.0,0.326,-0.308,1
2024-06-07 05:24:00,850.0,0.335,-0.301,1
2024-06-07 05:25:00,850.0,0.371,0.0107,1
2024-06-07 05:26:00,851.0,0.384,0.0112,1
2024-06-07 05:27:00,854.0,0.357,-0.00132,1
2024-06-07 05:28:00,847.0,0.349,0.00112,1
2024-06-07 05:29:00,1930.0,1340.0,1320.0,0
2024-06-07 05:30:00,1970.0,1380.0,1370.0,0
2024-06-07 05:31:00,1410.0,689.0,685.0,1
2024-06-07 05:32:00,851.0,0.346,-0.00689,1
2024-06-07 05:33:00,852.0,0.377,0.00532,1
2024-06-07 05:34:00,852.0,0.389,0.00533,1
2024-06-07 05:35:00,852.0,0.377,-0.000552,1
2024-06-07 05:36:00,855.0,0.365,-0.00664,1
2024-06-07 05:37:00,1320.0,695.0,690.0,1
2024-06-07 05:38:00,1930.0,1310.0,1280.0,0
2024-06-07 05:39:00,2140.0,1540.0,1480.0,0
2024-06-07 05:40:00,862.0,0.366,0.00498,1
2024-06-07 05:41:00,858.0,0.333,-0.00847,1
2024-06-07 05:42:00,856.0,0.333,0.0103,1
2024-06-07 05:43:00,861.0,0.336,0.000708,1
2024-06-07 05:44:00,854.0,0.358,0.0126,1
2024-06-07 05:45:00,854.0,0.359,0.0224,1
2024-06-07 05:46:00,1950.0,1340.0,1310.0,0
2024-06-07 05:47:00,1930.0,1330.0,1280.0,0
2024-06-07 05:48:00,1420.0,691.0,680.0,1
2024-06-07 05:49:00,855.0,0.303,-0.292,1
2024-06-07 05:50:00,856.0,0.33,0.0209,1
2024-06-07 05:51:00,855.0,0.343,0.00034,1
2024-06-07 05:52:00,853.0,0.32,0.0132,1
2024-06-07 05:53:00,862.0,0.301,-0.0696,1
2024-06-07 05:54:00,847.0,0.348,0.0126,1
2024-06-07 05:55:00,1930.0,1320.0,1290.0,0
2024-06-07 05:56:00,2120.0,1540.0,1450.0,0
2024-06-07 05:57:00,989.0,167.0,157.0,1
2024-06-07 05:58:00,845.0,0.333,-0.0297,1
2024-06-07 05:59:00,847.0,0.342,-0.0281,1
2024-06-07 06:00:00,848.0,0.332,-0.0326,1
2024-06-07 06:01:00,840.0,0.343,-0.0352,1
2024-06-07 06:02:00,837.0,0.316,-0.0256,1
2024-06-07 06:03:00,1910.0,1390.0,1370.0,0
2024-06-07 06:04:00,1920.0,1340.0,1280.0,0
2024-06-07 06:05:00,2030.0,1480.0,1450.0,0
2024-06-07 06:06:00,825.0,0.346,0.0544,1
2024-06-07 06:07:00,825.0,0.36,0.0429,1
2024-06-07 06:08:00,819.0,0.357,0.0361,1
2024-06-07 06:09:00,835.0,0.332,0.0945,1
2024-06-07 06:10:00,840.0,0.335,0.1,1
2024-06-07 06:11:00,834.0,0.297,-0.211,1
2024-06-07 06:12:00,1910.0,1340.0,1360.0,0
2024-06-07 06:13:00,1920.0,1340.0,1340.0,0
2024-06-07 06:14:00,1410.0,710.0,706.0,1
2024-06-07 06:15:00,838.0,0.343,-0.295,1
2024-06-07 06:16:00,844.0,0.323,-0.307,1
2024-06-07 06:17:00,847.0,0.369,-0.00179,1
2024-06-07 06:18:00,846.0,0.371,0.0111,1
2024-06-07 06:19:00,841.0,0.367,0.026,1
2024-06-07 06:20:00,854.0,0.359,-0.0709,1
2024-06-07 06:21:00,1940.0,1310.0,1310.0,0
2024-06-07 06:22:00,2140.0,1530.0,1520.0,0
2024-06-07 06:23:00,1410.0,678.0,687.0,1
2024-06-07 06:24:00,846.0,0.386,-0.156,1
2024-06-07 06:25:00,862.0,0.355,-0.151,1
2024-06-07 06:26:00,854.0,0.346,-0.0985,1
2024-06-07 06:27:00,850.0,0.346,-0.103,1
2024-06-07 06:28:00,847.0,0.342,-0.123,1
2024-06-07 06:29:00,1330.0,667.0,669.0,1
2024-06-07 06:30:00,1940.0,1300.0,1300.0,0
2024-06-07 06:31:00,2110.0,1480.0,1500.0,0
2024-06-07 06:32:00,869.0,0.323,-0.115,1
2024-06-07 06:33:00,872.0,0.317,-0.111,1
2024-06-07 06:34:00,853.0,0.378,-0.167,1
2024-06-07 06:35:00,848.0,0.384,-0.161,1
2024-06-07 06:36:00,843.0,0.433,-0.176,1
2024-06-07 06:37:00,851.0,0.411,-0.161,1
2024-06-07 06:38:00,1960.0,1340.0,1300.0,0
2024-06-07 06:39:00,1910.0,1320.0,1280.0,0
2024-06-07 06:40:00,1450.0,718.0,691.0,1
2024-06-07 06:41:00,852.0,0.351,-0.088,1
2024-06-07 06:42:00,842.0,0.377,-0.0845,1
2024-06-07 06:43:00,838.0,0.362,-0.102,1
2024-06-07 06:44:00,855.0,0.363,-0.0902,1
2024-06-07 06:45:00,854.0,0.318,-0.381,1
2024-06-07 06:46:00,858.0,0.324,-0.385,1
2024-06-07 06:47:00,1960.0,1350.0,1280.0,0
2024-06-07 06:48:00,2020.0,1390.0,1330.0,0
2024-06-07 06:49:00,1420.0,685.0,662.0,1
2024-06-07 06:50:00,866.0,0.383,-0.064,1
2024-06-07 06:51:00,862.0,0.39,-0.0769,1
2024-06-07 06:52:00,861.0,0.377,-0.0644,1
2024-06-07 06:53:00,862.0,0.361,-0.0824,1
2024-06-07 06:54:00,863.0,0.392,-0.0778,1
2024-06-07 06:55:00,862.0,0.37,-0.0735,1
2024-06-07 06:56:00,1940.0,1320.0,1270.0,0
2024-06-07 06:57:00,2140.0,1550.0,1500.0,0
2024-06-07 06:58:00,1400.0,689.0,671.0,1
2024-06-07 06:59:00,858.0,0.381,-0.0738,1
2024-06-07 07:00:00,858.0,0.405,-0.145,1
2024-06-07 07:01:00,853.0,0.378,-0.0662,1
2024-06-07 07:02:00,849.0,0.402,-0.162,1
2024-06-07 07:03:00,838.0,0.385,-0.162,1
2024-06-07 07:04:00,1330.0,702.0,715.0,1
2024-06-07 07:05:00,1910.0,1300.0,1320.0,0
2024-06-07 07:06:00,2100.0,1510.0,1500.0,0
2024-06-07 07:07:00,845.0,0.443,-0.158,1
2024-06-07 07:08:00,841.0,0.421,-0.144,1
2024-06-07 07:09:00,850.0,0.41,-0.169,1
2024-06-07 07:10:00,840.0,0.361,-0.466,1
2024-06-07 07:11:00,846.0,0.348,-0.389,1
2024-06-07 07:12:00,852.0,0.304,-0.461,1
2024-06-07 07:13:00,1940.0,1350.0,1300.0,0
2024-06-07 07:14:00,1910.0,1310.0,1280.0,0
2024-06-07 07:15:00,1480.0,712.0,665.0,1
2024-06-07 07:16:00,865.0,0.396,-0.169,1
2024-06-07 07:17:00,859.0,0.401,-0.165,1
2024-06-07 07:18:00,857.0,0.379,-0.165,1
2024-06-07 07:19:00,851.0,0.393,-0.0749,1
2024-06-07 07:20:00,844.0,0.413,-0.168,1
2024-06-07 07:21:00,855.0,0.418,-0.163,1
2024-06-07 07:22:00,1940.0,1350.0,1300.0,0
2024-06-07 07:23:00,1990.0,1450.0,1320.0,0
2024-06-07 07:24:00,1420.0,713.0,648.0,1
2024-06-07 07:25:00,847.0,0.427,-0.154,1
2024-06-07 07:26:00,857.0,0.378,-0.15,1
2024-06-07 07:27:00,847.0,0.377,-0.0636,1
2024-06-07 07:28:00,845.0,0.377,-0.0724,1
2024-06-07 07:29:00,845.0,0.391,-0.0705,1
2024-06-07 07:30:00,849.0,0.374,-0.072,1
2024-06-07 07:31:00,1880.0,1370.0,1310.0,0
2024-06-07 07:32:00,2090.0,1530.0,1520.0,0
2024-06-07 07:33:00,1410.0,730.0,702.0,1
2024-06-07 07:34:00,837.0,0.42,-0.091,1
2024-06-07 07:35:00,830.0,0.351,-0.394,1
2024-06-07 07:36:00,834.0,0.365,-0.386,1
2024-06-07 07:37:00,532.0,0.348,-0.369,1
2024-06-07 07:38:00,535.0,0.422,-0.0741,1
2024-06-07 07:39:00,538.0,0.416,-0.0607,1
2024-06-07 07:40:00,536.0,0.411,-0.0494,1
2024-06-07 07:41:00,537.0,0.394,-0.0492,1
2024-06-07 07:42:00,539.0,0.371,-0.0551,1
2024-06-07 07:43:00,534.0,0.387,-0.0641,1
2024-06-07 07:44:00,530.0,0.366,-0.0511,1
2024-06-07 07:45:00,530.0,0.392,-0.057,1
2024-06-07 07:46:00,532.0,0.374,-0.0556,1
2024-06-07 07:47:00,525.0,0.374,-0.0674,1
2024-06-07 07:48:00,522.0,0.337,-0.362,1
2024-06-07 07:49:00,535.0,0.335,-0.378,1
2024-06-07 07:50:00,539.0,0.332,-0.369,1
2024-06-07 07:51:00,542.0,0.301,-0.371,1
2024-06-07 07:52:00,543.0,0.313,-0.367,1
2024-06-07 07:53:00,541.0,0.289,-0.371,1
2024-06-07 07:54:00,544.0,0.314,-0.371,1
2024-06-07 07:55:00,544.0,0.323,-0.373,1
2024-06-07 07:56:00,545.0,0.242,-0.351,1
2024-06-07 07:57:00,540.0,0.248,-0.339,1
2024-06-07 07:58:00,545.0,0.335,-0.358,1
2024-06-07 07:59:00,544.0,0.326,-0.361,1
2024-06-07 08:00:00,545.0,0.327,-0.348,1
2024-06-07 08:01:00,541.0,0.318,-0.363,1
2024-06-07 08:02:00,541.0,0.321,-0.358,1
2024-06-07 08:03:00,538.0,0.315,-0.36,1
2024-06-07 08:04:00,543.0,0.385,-0.162,1
2024-06-07 08:05:00,543.0,0.39,-0.0647,1
2024-06-07 08:06:00,541.0,0.396,-0.0605,1
2024-06-07 08:07:00,539.0,0.394,-0.0597,1
2024-06-07 08:08:00,546.0,0.41,-0.0724,1
2024-06-07 08:09:00,1200.0,709.0,687.0,1
2024-06-07 08:10:00,1850.0,1400.0,1360.0,0
2024-06-07 08:11:00,1860.0,1410.0,1360.0,0
2024-06-07 08:12:00,1880.0,1410.0,1360.0,0
2024-06-07 08:13:00,1880.0,1420.0,1370.0,0
2024-06-07 08:14:00,1890.0,1430.0,1370.0,0
2024-06-07 08:15:00,1910.0,1430.0,1380.0,0
2024-06-07 08:16:00,1880.0,1420.0,1370.0,0
2024-06-07 08:17:00,1870.0,1410.0,1360.0,0
2024-06-07 08:18:00,1880.0,1400.0,1350.0,0
2024-06-07 08:19:00,1860.0,1410.0,1360.0,0
2024-06-07 08:20:00,1870.0,1400.0,1350.0,0
2024-06-07 08:21:00,553.0,0.317,-0.387,1
2024-06-07 08:22:00,544.0,0.332,-0.377,1
2024-06-07 08:23:00,548.0,0.314,-0.376,1
2024-06-07 08:24:00,2430.0,2160.0,2020.0,0
2024-06-07 08:25:00,2210.0,1940.0,1830.0,0
2024-06-07 08:26:00,2450.0,1750.0,1660.0,0
2024-06-07 08:27:00,2510.0,1810.0,1750.0,0
2024-06-07 08:28:00,2460.0,1690.0,1690.0,0
2024-06-07 08:29:00,2360.0,1580.0,1610.0,0
